id,ten_khach,sdt,diem_so,phan_loai,sla,de_xuat_hanh_dong,nhu_cau_mo_ta,ly_do_cham_diem
1,Phan Văn Hoa,894782782,65,WARM,Bàn giao theo ca — Phản hồi trong 2 - 4 giờ,"Gửi thông tin dự án, tư vấn gói vay và đặt lịch xem nhà mẫu.","Đang tìm thuê mặt bằng kinh doanh spa tại Quận 1, diện tích khoảng 80-100m2. Giá thuê mong muốn dưới 50 triệu/tháng. Cần ký hợp đồng dài hạn.",[+15] Ngân sách phân khúc phổ thông | [+20] Vị trí trung tâm / Đại đô thị cao cấp | [+20] Thời gian quyết định nhanh / Cấp thiết
2,Hồ Hồng Linh,848475144,0,COLD,Hệ thống Nurturing / Drip Marketing (Không gọi ngay),Đưa vào Blacklist hoặc nuôi dưỡng bằng Zalo OA tự động.,"Khách hàng nhầm số, không có nhu cầu về bất động sản. Có vẻ là dữ liệu cũ từ ngành khác trộn vào.",[-50] Dữ liệu rác/Nhầm số
3,Lý Đức Cường,953430096,73,WARM,Bàn giao theo ca — Phản hồi trong 2 - 4 giờ,"Gửi thông tin dự án, tư vấn gói vay và đặt lịch xem nhà mẫu.","Quan tâm căn hộ 2PN tại Quận 7 cho gia đình trẻ. Tài chính khoảng 4-5 tỷ, cần hỗ trợ vay ngân hàng 70%. Muốn đi xem nhà mẫu vào cuối tuần này.",[+25] Ngân sách tầm trung 4-10 tỷ | [+15] Nhu cầu sản phẩm phổ biến | [+20] Thời gian quyết định nhanh / Cấp thiết | [+8] Thiện chí tương tác / Cần chính sách vay
4,Lê Anh Lan,964591036,80,HOT,Bàn giao ngay — Gọi lại trong vòng 5 - 15 phút,"Top Sales liên hệ trực tiếp, chuẩn bị hồ sơ dự án cao cấp.","Khách hàng tìm mua Penthouse diện tích lớn, yêu cầu có hồ bơi riêng và thang máy riêng. Ngân sách không thành vấn đề, quan trọng là đẳng cấp và sự riêng tư.",[+35] Ngân sách VIP >= 20 tỷ / Tài chính mạnh | [+25] Phân khúc siêu cao cấp / Diện tích lớn
5,Ngô Anh Mai,784760799,65,WARM,Bàn giao theo ca — Phản hồi trong 2 - 4 giờ,"Gửi thông tin dự án, tư vấn gói vay và đặt lịch xem nhà mẫu.","Tìm nhà phố liền kề khu vực nội thành, ưu tiên gần trường học và bệnh viện. Ngân sách 8-10 tỷ. Đang cân nhắc giữa 2 dự án, cần tư vấn thêm về chính sách chiết khấu.",[+25] Ngân sách tầm trung 4-10 tỷ | [+15] Nhu cầu sản phẩm phổ biến | [+12] Đang tìm hiểu / Cần tư vấn thêm | [+8] Thiện chí tương tác / Cần chính sách vay
6,Lý Đức Tâm,949816598,73,WARM,Bàn giao theo ca — Phản hồi trong 2 - 4 giờ,"Gửi thông tin dự án, tư vấn gói vay và đặt lịch xem nhà mẫu.","Quan tâm căn hộ 2PN tại Quận 7 cho gia đình trẻ. Tài chính khoảng 4-5 tỷ, cần hỗ trợ vay ngân hàng 70%. Muốn đi xem nhà mẫu vào cuối tuần này.",[+25] Ngân sách tầm trung 4-10 tỷ | [+15] Nhu cầu sản phẩm phổ biến | [+20] Thời gian quyết định nhanh / Cấp thiết | [+8] Thiện chí tương tác / Cần chính sách vay
7,Đặng Hoàng Dũng,953795436,0,COLD,Hệ thống Nurturing / Drip Marketing (Không gọi ngay),Đưa vào Blacklist hoặc nuôi dưỡng bằng Zalo OA tự động.,"Số điện thoại hay bị thuê bao, gọi nhiều lần không bắt máy. Nhắn tin Zalo không phản hồi.",[-40] Không liên lạc được/Thuê bao
8,Phạm Minh Lan,386670033,55,WARM,Bàn giao theo ca — Phản hồi trong 2 - 4 giờ,"Gửi thông tin dự án, tư vấn gói vay và đặt lịch xem nhà mẫu.","Cần mua đất nền vùng ven (Long An, Đồng Nai) để đầu tư dài hạn. Tài chính 2-3 tỷ. Yêu cầu sổ hồng riêng, không dính quy hoạch.",[+15] Ngân sách phân khúc phổ thông | [+15] Nhu cầu sản phẩm phổ biến | [+10] Yêu cầu pháp lý minh bạch/Sổ riêng
9,Đặng Văn Hoa,364619938,73,WARM,Bàn giao theo ca — Phản hồi trong 2 - 4 giờ,"Gửi thông tin dự án, tư vấn gói vay và đặt lịch xem nhà mẫu.","Quan tâm căn hộ 2PN tại Quận 7 cho gia đình trẻ. Tài chính khoảng 4-5 tỷ, cần hỗ trợ vay ngân hàng 70%. Muốn đi xem nhà mẫu vào cuối tuần này.",[+25] Ngân sách tầm trung 4-10 tỷ | [+15] Nhu cầu sản phẩm phổ biến | [+20] Thời gian quyết định nhanh / Cấp thiết | [+8] Thiện chí tương tác / Cần chính sách vay
10,Lê Bảo Hoa,768273692,65,WARM,Bàn giao theo ca — Phản hồi trong 2 - 4 giờ,"Gửi thông tin dự án, tư vấn gói vay và đặt lịch xem nhà mẫu.","Đang tìm thuê mặt bằng kinh doanh spa tại Quận 1, diện tích khoảng 80-100m2. Giá thuê mong muốn dưới 50 triệu/tháng. Cần ký hợp đồng dài hạn.",[+15] Ngân sách phân khúc phổ thông | [+20] Vị trí trung tâm / Đại đô thị cao cấp | [+20] Thời gian quyết định nhanh / Cấp thiết
11,Lý Ngọc Dũng,311281548,80,HOT,Bàn giao ngay — Gọi lại trong vòng 5 - 15 phút,"Top Sales liên hệ trực tiếp, chuẩn bị hồ sơ dự án cao cấp.","Khách hàng tìm mua Penthouse diện tích lớn, yêu cầu có hồ bơi riêng và thang máy riêng. Ngân sách không thành vấn đề, quan trọng là đẳng cấp và sự riêng tư.",[+35] Ngân sách VIP >= 20 tỷ / Tài chính mạnh | [+25] Phân khúc siêu cao cấp / Diện tích lớn
12,Trần Bảo Tuấn,942416997,65,WARM,Bàn giao theo ca — Phản hồi trong 2 - 4 giờ,"Gửi thông tin dự án, tư vấn gói vay và đặt lịch xem nhà mẫu.","Đang tìm thuê mặt bằng kinh doanh spa tại Quận 1, diện tích khoảng 80-100m2. Giá thuê mong muốn dưới 50 triệu/tháng. Cần ký hợp đồng dài hạn.",[+15] Ngân sách phân khúc phổ thông | [+20] Vị trí trung tâm / Đại đô thị cao cấp | [+20] Thời gian quyết định nhanh / Cấp thiết
13,Dương Anh Nam,991088161,73,WARM,Bàn giao theo ca — Phản hồi trong 2 - 4 giờ,"Gửi thông tin dự án, tư vấn gói vay và đặt lịch xem nhà mẫu.","Quan tâm căn hộ 2PN tại Quận 7 cho gia đình trẻ. Tài chính khoảng 4-5 tỷ, cần hỗ trợ vay ngân hàng 70%. Muốn đi xem nhà mẫu vào cuối tuần này.",[+25] Ngân sách tầm trung 4-10 tỷ | [+15] Nhu cầu sản phẩm phổ biến | [+20] Thời gian quyết định nhanh / Cấp thiết | [+8] Thiện chí tương tác / Cần chính sách vay
14,Vũ Văn Cường,792789178,65,WARM,Bàn giao theo ca — Phản hồi trong 2 - 4 giờ,"Gửi thông tin dự án, tư vấn gói vay và đặt lịch xem nhà mẫu.","Đang tìm thuê mặt bằng kinh doanh spa tại Quận 1, diện tích khoảng 80-100m2. Giá thuê mong muốn dưới 50 triệu/tháng. Cần ký hợp đồng dài hạn.",[+15] Ngân sách phân khúc phổ thông | [+20] Vị trí trung tâm / Đại đô thị cao cấp | [+20] Thời gian quyết định nhanh / Cấp thiết
15,Trần Minh Sơn,399234365,65,WARM,Bàn giao theo ca — Phản hồi trong 2 - 4 giờ,"Gửi thông tin dự án, tư vấn gói vay và đặt lịch xem nhà mẫu.","Tìm nhà phố liền kề khu vực nội thành, ưu tiên gần trường học và bệnh viện. Ngân sách 8-10 tỷ. Đang cân nhắc giữa 2 dự án, cần tư vấn thêm về chính sách chiết khấu.",[+25] Ngân sách tầm trung 4-10 tỷ | [+15] Nhu cầu sản phẩm phổ biến | [+12] Đang tìm hiểu / Cần tư vấn thêm | [+8] Thiện chí tương tác / Cần chính sách vay
16,Hồ Ngọc Dũng,797825283,73,WARM,Bàn giao theo ca — Phản hồi trong 2 - 4 giờ,"Gửi thông tin dự án, tư vấn gói vay và đặt lịch xem nhà mẫu.","Quan tâm căn hộ 2PN tại Quận 7 cho gia đình trẻ. Tài chính khoảng 4-5 tỷ, cần hỗ trợ vay ngân hàng 70%. Muốn đi xem nhà mẫu vào cuối tuần này.",[+25] Ngân sách tầm trung 4-10 tỷ | [+15] Nhu cầu sản phẩm phổ biến | [+20] Thời gian quyết định nhanh / Cấp thiết | [+8] Thiện chí tương tác / Cần chính sách vay
17,Hồ Văn Nam,917691453,65,WARM,Bàn giao theo ca — Phản hồi trong 2 - 4 giờ,"Gửi thông tin dự án, tư vấn gói vay và đặt lịch xem nhà mẫu.","Tìm nhà phố liền kề khu vực nội thành, ưu tiên gần trường học và bệnh viện. Ngân sách 8-10 tỷ. Đang cân nhắc giữa 2 dự án, cần tư vấn thêm về chính sách chiết khấu.",[+25] Ngân sách tầm trung 4-10 tỷ | [+15] Nhu cầu sản phẩm phổ biến | [+12] Đang tìm hiểu / Cần tư vấn thêm | [+8] Thiện chí tương tác / Cần chính sách vay
18,Ngô Phương Lan,856067439,65,WARM,Bàn giao theo ca — Phản hồi trong 2 - 4 giờ,"Gửi thông tin dự án, tư vấn gói vay và đặt lịch xem nhà mẫu.","Tìm nhà phố liền kề khu vực nội thành, ưu tiên gần trường học và bệnh viện. Ngân sách 8-10 tỷ. Đang cân nhắc giữa 2 dự án, cần tư vấn thêm về chính sách chiết khấu.",[+25] Ngân sách tầm trung 4-10 tỷ | [+15] Nhu cầu sản phẩm phổ biến | [+12] Đang tìm hiểu / Cần tư vấn thêm | [+8] Thiện chí tương tác / Cần chính sách vay
19,Dương Hoàng Hoa,353940782,65,WARM,Bàn giao theo ca — Phản hồi trong 2 - 4 giờ,"Gửi thông tin dự án, tư vấn gói vay và đặt lịch xem nhà mẫu.","Đang tìm thuê mặt bằng kinh doanh spa tại Quận 1, diện tích khoảng 80-100m2. Giá thuê mong muốn dưới 50 triệu/tháng. Cần ký hợp đồng dài hạn.",[+15] Ngân sách phân khúc phổ thông | [+20] Vị trí trung tâm / Đại đô thị cao cấp | [+20] Thời gian quyết định nhanh / Cấp thiết
20,Hồ Phương Mai,915805255,0,COLD,Hệ thống Nurturing / Drip Marketing (Không gọi ngay),Đưa vào Blacklist hoặc nuôi dưỡng bằng Zalo OA tự động.,"Hỏi giá cho vui, chưa có ý định mua trong năm nay. Ngân sách rất thấp so với mặt bằng chung (đòi mua nhà Q1 giá 1 tỷ).",[-40] Không thiện chí/Hỏi cho vui | [-50] Yêu cầu phi thực tế/Ảo tưởng giá
21,Đỗ Bảo Nam,312670774,73,WARM,Bàn giao theo ca — Phản hồi trong 2 - 4 giờ,"Gửi thông tin dự án, tư vấn gói vay và đặt lịch xem nhà mẫu.","Quan tâm căn hộ 2PN tại Quận 7 cho gia đình trẻ. Tài chính khoảng 4-5 tỷ, cần hỗ trợ vay ngân hàng 70%. Muốn đi xem nhà mẫu vào cuối tuần này.",[+25] Ngân sách tầm trung 4-10 tỷ | [+15] Nhu cầu sản phẩm phổ biến | [+20] Thời gian quyết định nhanh / Cấp thiết | [+8] Thiện chí tương tác / Cần chính sách vay
22,Dương Minh Hùng,946432914,0,COLD,Hệ thống Nurturing / Drip Marketing (Không gọi ngay),Đưa vào Blacklist hoặc nuôi dưỡng bằng Zalo OA tự động.,"Khách hàng nhầm số, không có nhu cầu về bất động sản. Có vẻ là dữ liệu cũ từ ngành khác trộn vào.",[-50] Dữ liệu rác/Nhầm số
23,Đặng Minh Mai,817282514,65,WARM,Bàn giao theo ca — Phản hồi trong 2 - 4 giờ,"Gửi thông tin dự án, tư vấn gói vay và đặt lịch xem nhà mẫu.","Đang tìm thuê mặt bằng kinh doanh spa tại Quận 1, diện tích khoảng 80-100m2. Giá thuê mong muốn dưới 50 triệu/tháng. Cần ký hợp đồng dài hạn.",[+15] Ngân sách phân khúc phổ thông | [+20] Vị trí trung tâm / Đại đô thị cao cấp | [+20] Thời gian quyết định nhanh / Cấp thiết
24,Phạm Anh Cường,334704752,0,COLD,Hệ thống Nurturing / Drip Marketing (Không gọi ngay),Đưa vào Blacklist hoặc nuôi dưỡng bằng Zalo OA tự động.,"Khách hàng nhầm số, không có nhu cầu về bất động sản. Có vẻ là dữ liệu cũ từ ngành khác trộn vào.",[-50] Dữ liệu rác/Nhầm số
25,Lý Đức Nam,812033818,0,COLD,Hệ thống Nurturing / Drip Marketing (Không gọi ngay),Đưa vào Blacklist hoặc nuôi dưỡng bằng Zalo OA tự động.,"Hỏi giá cho vui, chưa có ý định mua trong năm nay. Ngân sách rất thấp so với mặt bằng chung (đòi mua nhà Q1 giá 1 tỷ).",[-40] Không thiện chí/Hỏi cho vui | [-50] Yêu cầu phi thực tế/Ảo tưởng giá
26,Phạm Ngọc Anh,715608641,65,WARM,Bàn giao theo ca — Phản hồi trong 2 - 4 giờ,"Gửi thông tin dự án, tư vấn gói vay và đặt lịch xem nhà mẫu.","Tìm nhà phố liền kề khu vực nội thành, ưu tiên gần trường học và bệnh viện. Ngân sách 8-10 tỷ. Đang cân nhắc giữa 2 dự án, cần tư vấn thêm về chính sách chiết khấu.",[+25] Ngân sách tầm trung 4-10 tỷ | [+15] Nhu cầu sản phẩm phổ biến | [+12] Đang tìm hiểu / Cần tư vấn thêm | [+8] Thiện chí tương tác / Cần chính sách vay
27,Phạm Thị Sơn,969488574,55,WARM,Bàn giao theo ca — Phản hồi trong 2 - 4 giờ,"Gửi thông tin dự án, tư vấn gói vay và đặt lịch xem nhà mẫu.","Cần mua đất nền vùng ven (Long An, Đồng Nai) để đầu tư dài hạn. Tài chính 2-3 tỷ. Yêu cầu sổ hồng riêng, không dính quy hoạch.",[+15] Ngân sách phân khúc phổ thông | [+15] Nhu cầu sản phẩm phổ biến | [+10] Yêu cầu pháp lý minh bạch/Sổ riêng
28,Trần Hoàng Dũng,943392982,90,HOT,Bàn giao ngay — Gọi lại trong vòng 5 - 15 phút,"Top Sales liên hệ trực tiếp, chuẩn bị hồ sơ dự án cao cấp.","Chủ doanh nghiệp lớn, cần tìm quỹ đất công nghiệp hoặc sàn văn phòng diện tích trên 2000m2 tại khu Đông. Tài chính cực mạnh, yêu cầu pháp lý chuẩn 100%.",[+35] Ngân sách VIP >= 20 tỷ / Tài chính mạnh | [+25] Phân khúc siêu cao cấp / Diện tích lớn | [+15] Chân dung VIP (Chủ DN / Mua sỉ)
29,Đỗ Đức Hùng,743978800,0,COLD,Hệ thống Nurturing / Drip Marketing (Không gọi ngay),Đưa vào Blacklist hoặc nuôi dưỡng bằng Zalo OA tự động.,"Hỏi giá cho vui, chưa có ý định mua trong năm nay. Ngân sách rất thấp so với mặt bằng chung (đòi mua nhà Q1 giá 1 tỷ).",[-40] Không thiện chí/Hỏi cho vui | [-50] Yêu cầu phi thực tế/Ảo tưởng giá
30,Trần Minh Dũng,897699529,0,COLD,Hệ thống Nurturing / Drip Marketing (Không gọi ngay),Đưa vào Blacklist hoặc nuôi dưỡng bằng Zalo OA tự động.,"Khách hàng nhầm số, không có nhu cầu về bất động sản. Có vẻ là dữ liệu cũ từ ngành khác trộn vào.",[-50] Dữ liệu rác/Nhầm số
31,Lê Ngọc Dũng,926979323,55,WARM,Bàn giao theo ca — Phản hồi trong 2 - 4 giờ,"Gửi thông tin dự án, tư vấn gói vay và đặt lịch xem nhà mẫu.","Cần mua đất nền vùng ven (Long An, Đồng Nai) để đầu tư dài hạn. Tài chính 2-3 tỷ. Yêu cầu sổ hồng riêng, không dính quy hoạch.",[+15] Ngân sách phân khúc phổ thông | [+15] Nhu cầu sản phẩm phổ biến | [+10] Yêu cầu pháp lý minh bạch/Sổ riêng
32,Phan Thị Cường,390725674,65,WARM,Bàn giao theo ca — Phản hồi trong 2 - 4 giờ,"Gửi thông tin dự án, tư vấn gói vay và đặt lịch xem nhà mẫu.","Đang tìm thuê mặt bằng kinh doanh spa tại Quận 1, diện tích khoảng 80-100m2. Giá thuê mong muốn dưới 50 triệu/tháng. Cần ký hợp đồng dài hạn.",[+15] Ngân sách phân khúc phổ thông | [+20] Vị trí trung tâm / Đại đô thị cao cấp | [+20] Thời gian quyết định nhanh / Cấp thiết
33,Ngô Anh Lan,396470994,0,COLD,Hệ thống Nurturing / Drip Marketing (Không gọi ngay),Đưa vào Blacklist hoặc nuôi dưỡng bằng Zalo OA tự động.,"Tìm nhà thuê nguyên căn giá 2 triệu ở trung tâm thành phố. Yêu cầu phi thực tế, thái độ không hợp tác khi tư vấn.",[-40] Không thiện chí/Hỏi cho vui | [-50] Yêu cầu phi thực tế/Ảo tưởng giá
34,Bùi Thị Cường,334903448,0,COLD,Hệ thống Nurturing / Drip Marketing (Không gọi ngay),Đưa vào Blacklist hoặc nuôi dưỡng bằng Zalo OA tự động.,"Số điện thoại hay bị thuê bao, gọi nhiều lần không bắt máy. Nhắn tin Zalo không phản hồi.",[-40] Không liên lạc được/Thuê bao
35,Hồ Anh Hùng,970978478,73,WARM,Bàn giao theo ca — Phản hồi trong 2 - 4 giờ,"Gửi thông tin dự án, tư vấn gói vay và đặt lịch xem nhà mẫu.","Quan tâm căn hộ 2PN tại Quận 7 cho gia đình trẻ. Tài chính khoảng 4-5 tỷ, cần hỗ trợ vay ngân hàng 70%. Muốn đi xem nhà mẫu vào cuối tuần này.",[+25] Ngân sách tầm trung 4-10 tỷ | [+15] Nhu cầu sản phẩm phổ biến | [+20] Thời gian quyết định nhanh / Cấp thiết | [+8] Thiện chí tương tác / Cần chính sách vay
36,Phạm Ngọc Trang,776785199,55,WARM,Bàn giao theo ca — Phản hồi trong 2 - 4 giờ,"Gửi thông tin dự án, tư vấn gói vay và đặt lịch xem nhà mẫu.","Cần mua đất nền vùng ven (Long An, Đồng Nai) để đầu tư dài hạn. Tài chính 2-3 tỷ. Yêu cầu sổ hồng riêng, không dính quy hoạch.",[+15] Ngân sách phân khúc phổ thông | [+15] Nhu cầu sản phẩm phổ biến | [+10] Yêu cầu pháp lý minh bạch/Sổ riêng
37,Vũ Ngọc Tâm,327088943,0,COLD,Hệ thống Nurturing / Drip Marketing (Không gọi ngay),Đưa vào Blacklist hoặc nuôi dưỡng bằng Zalo OA tự động.,"Số điện thoại hay bị thuê bao, gọi nhiều lần không bắt máy. Nhắn tin Zalo không phản hồi.",[-40] Không liên lạc được/Thuê bao
38,Trần Thị Trang,912172248,73,WARM,Bàn giao theo ca — Phản hồi trong 2 - 4 giờ,"Gửi thông tin dự án, tư vấn gói vay và đặt lịch xem nhà mẫu.","Quan tâm căn hộ 2PN tại Quận 7 cho gia đình trẻ. Tài chính khoảng 4-5 tỷ, cần hỗ trợ vay ngân hàng 70%. Muốn đi xem nhà mẫu vào cuối tuần này.",[+25] Ngân sách tầm trung 4-10 tỷ | [+15] Nhu cầu sản phẩm phổ biến | [+20] Thời gian quyết định nhanh / Cấp thiết | [+8] Thiện chí tương tác / Cần chính sách vay
39,Phạm Phương Anh,957281057,65,WARM,Bàn giao theo ca — Phản hồi trong 2 - 4 giờ,"Gửi thông tin dự án, tư vấn gói vay và đặt lịch xem nhà mẫu.","Đang tìm thuê mặt bằng kinh doanh spa tại Quận 1, diện tích khoảng 80-100m2. Giá thuê mong muốn dưới 50 triệu/tháng. Cần ký hợp đồng dài hạn.",[+15] Ngân sách phân khúc phổ thông | [+20] Vị trí trung tâm / Đại đô thị cao cấp | [+20] Thời gian quyết định nhanh / Cấp thiết
40,Ngô Minh Quân,720933224,73,WARM,Bàn giao theo ca — Phản hồi trong 2 - 4 giờ,"Gửi thông tin dự án, tư vấn gói vay và đặt lịch xem nhà mẫu.","Quan tâm căn hộ 2PN tại Quận 7 cho gia đình trẻ. Tài chính khoảng 4-5 tỷ, cần hỗ trợ vay ngân hàng 70%. Muốn đi xem nhà mẫu vào cuối tuần này.",[+25] Ngân sách tầm trung 4-10 tỷ | [+15] Nhu cầu sản phẩm phổ biến | [+20] Thời gian quyết định nhanh / Cấp thiết | [+8] Thiện chí tương tác / Cần chính sách vay
41,Nguyễn Minh Hùng,341253434,73,WARM,Bàn giao theo ca — Phản hồi trong 2 - 4 giờ,"Gửi thông tin dự án, tư vấn gói vay và đặt lịch xem nhà mẫu.","Quan tâm căn hộ 2PN tại Quận 7 cho gia đình trẻ. Tài chính khoảng 4-5 tỷ, cần hỗ trợ vay ngân hàng 70%. Muốn đi xem nhà mẫu vào cuối tuần này.",[+25] Ngân sách tầm trung 4-10 tỷ | [+15] Nhu cầu sản phẩm phổ biến | [+20] Thời gian quyết định nhanh / Cấp thiết | [+8] Thiện chí tương tác / Cần chính sách vay
42,Bùi Phương Dũng,914217310,65,WARM,Bàn giao theo ca — Phản hồi trong 2 - 4 giờ,"Gửi thông tin dự án, tư vấn gói vay và đặt lịch xem nhà mẫu.","Tìm nhà phố liền kề khu vực nội thành, ưu tiên gần trường học và bệnh viện. Ngân sách 8-10 tỷ. Đang cân nhắc giữa 2 dự án, cần tư vấn thêm về chính sách chiết khấu.",[+25] Ngân sách tầm trung 4-10 tỷ | [+15] Nhu cầu sản phẩm phổ biến | [+12] Đang tìm hiểu / Cần tư vấn thêm | [+8] Thiện chí tương tác / Cần chính sách vay
43,Hồ Phương Sơn,748205267,55,WARM,Bàn giao theo ca — Phản hồi trong 2 - 4 giờ,"Gửi thông tin dự án, tư vấn gói vay và đặt lịch xem nhà mẫu.","Cần mua đất nền vùng ven (Long An, Đồng Nai) để đầu tư dài hạn. Tài chính 2-3 tỷ. Yêu cầu sổ hồng riêng, không dính quy hoạch.",[+15] Ngân sách phân khúc phổ thông | [+15] Nhu cầu sản phẩm phổ biến | [+10] Yêu cầu pháp lý minh bạch/Sổ riêng
44,Bùi Anh Mai,891197771,55,WARM,Bàn giao theo ca — Phản hồi trong 2 - 4 giờ,"Gửi thông tin dự án, tư vấn gói vay và đặt lịch xem nhà mẫu.","Cần mua đất nền vùng ven (Long An, Đồng Nai) để đầu tư dài hạn. Tài chính 2-3 tỷ. Yêu cầu sổ hồng riêng, không dính quy hoạch.",[+15] Ngân sách phân khúc phổ thông | [+15] Nhu cầu sản phẩm phổ biến | [+10] Yêu cầu pháp lý minh bạch/Sổ riêng
45,Đỗ Bảo Tâm,918321804,55,WARM,Bàn giao theo ca — Phản hồi trong 2 - 4 giờ,"Gửi thông tin dự án, tư vấn gói vay và đặt lịch xem nhà mẫu.","Cần mua đất nền vùng ven (Long An, Đồng Nai) để đầu tư dài hạn. Tài chính 2-3 tỷ. Yêu cầu sổ hồng riêng, không dính quy hoạch.",[+15] Ngân sách phân khúc phổ thông | [+15] Nhu cầu sản phẩm phổ biến | [+10] Yêu cầu pháp lý minh bạch/Sổ riêng
46,Nguyễn Hồng Lan,748126031,0,COLD,Hệ thống Nurturing / Drip Marketing (Không gọi ngay),Đưa vào Blacklist hoặc nuôi dưỡng bằng Zalo OA tự động.,"Khách hàng nhầm số, không có nhu cầu về bất động sản. Có vẻ là dữ liệu cũ từ ngành khác trộn vào.",[-50] Dữ liệu rác/Nhầm số
47,Bùi Thị Hùng,380830161,73,WARM,Bàn giao theo ca — Phản hồi trong 2 - 4 giờ,"Gửi thông tin dự án, tư vấn gói vay và đặt lịch xem nhà mẫu.","Quan tâm căn hộ 2PN tại Quận 7 cho gia đình trẻ. Tài chính khoảng 4-5 tỷ, cần hỗ trợ vay ngân hàng 70%. Muốn đi xem nhà mẫu vào cuối tuần này.",[+25] Ngân sách tầm trung 4-10 tỷ | [+15] Nhu cầu sản phẩm phổ biến | [+20] Thời gian quyết định nhanh / Cấp thiết | [+8] Thiện chí tương tác / Cần chính sách vay
48,Hồ Hoàng Sơn,859218147,0,COLD,Hệ thống Nurturing / Drip Marketing (Không gọi ngay),Đưa vào Blacklist hoặc nuôi dưỡng bằng Zalo OA tự động.,"Hỏi giá cho vui, chưa có ý định mua trong năm nay. Ngân sách rất thấp so với mặt bằng chung (đòi mua nhà Q1 giá 1 tỷ).",[-40] Không thiện chí/Hỏi cho vui | [-50] Yêu cầu phi thực tế/Ảo tưởng giá
49,Đặng Anh Cường,992531147,0,COLD,Hệ thống Nurturing / Drip Marketing (Không gọi ngay),Đưa vào Blacklist hoặc nuôi dưỡng bằng Zalo OA tự động.,"Khách hàng nhầm số, không có nhu cầu về bất động sản. Có vẻ là dữ liệu cũ từ ngành khác trộn vào.",[-50] Dữ liệu rác/Nhầm số
50,Trần Hoàng Cường,798590946,73,WARM,Bàn giao theo ca — Phản hồi trong 2 - 4 giờ,"Gửi thông tin dự án, tư vấn gói vay và đặt lịch xem nhà mẫu.","Quan tâm căn hộ 2PN tại Quận 7 cho gia đình trẻ. Tài chính khoảng 4-5 tỷ, cần hỗ trợ vay ngân hàng 70%. Muốn đi xem nhà mẫu vào cuối tuần này.",[+25] Ngân sách tầm trung 4-10 tỷ | [+15] Nhu cầu sản phẩm phổ biến | [+20] Thời gian quyết định nhanh / Cấp thiết | [+8] Thiện chí tương tác / Cần chính sách vay
51,Trần Văn Sơn,731326604,65,WARM,Bàn giao theo ca — Phản hồi trong 2 - 4 giờ,"Gửi thông tin dự án, tư vấn gói vay và đặt lịch xem nhà mẫu.","Đang tìm thuê mặt bằng kinh doanh spa tại Quận 1, diện tích khoảng 80-100m2. Giá thuê mong muốn dưới 50 triệu/tháng. Cần ký hợp đồng dài hạn.",[+15] Ngân sách phân khúc phổ thông | [+20] Vị trí trung tâm / Đại đô thị cao cấp | [+20] Thời gian quyết định nhanh / Cấp thiết
52,Lý Văn Quân,961022888,65,WARM,Bàn giao theo ca — Phản hồi trong 2 - 4 giờ,"Gửi thông tin dự án, tư vấn gói vay và đặt lịch xem nhà mẫu.","Đang tìm thuê mặt bằng kinh doanh spa tại Quận 1, diện tích khoảng 80-100m2. Giá thuê mong muốn dưới 50 triệu/tháng. Cần ký hợp đồng dài hạn.",[+15] Ngân sách phân khúc phổ thông | [+20] Vị trí trung tâm / Đại đô thị cao cấp | [+20] Thời gian quyết định nhanh / Cấp thiết
53,Dương Anh Trang,847277300,0,COLD,Hệ thống Nurturing / Drip Marketing (Không gọi ngay),Đưa vào Blacklist hoặc nuôi dưỡng bằng Zalo OA tự động.,"Khách hàng nhầm số, không có nhu cầu về bất động sản. Có vẻ là dữ liệu cũ từ ngành khác trộn vào.",[-50] Dữ liệu rác/Nhầm số
54,Lý Bảo Mai,740070305,65,WARM,Bàn giao theo ca — Phản hồi trong 2 - 4 giờ,"Gửi thông tin dự án, tư vấn gói vay và đặt lịch xem nhà mẫu.","Tìm nhà phố liền kề khu vực nội thành, ưu tiên gần trường học và bệnh viện. Ngân sách 8-10 tỷ. Đang cân nhắc giữa 2 dự án, cần tư vấn thêm về chính sách chiết khấu.",[+25] Ngân sách tầm trung 4-10 tỷ | [+15] Nhu cầu sản phẩm phổ biến | [+12] Đang tìm hiểu / Cần tư vấn thêm | [+8] Thiện chí tương tác / Cần chính sách vay
55,Trần Phương Nam,388712224,0,COLD,Hệ thống Nurturing / Drip Marketing (Không gọi ngay),Đưa vào Blacklist hoặc nuôi dưỡng bằng Zalo OA tự động.,"Số điện thoại hay bị thuê bao, gọi nhiều lần không bắt máy. Nhắn tin Zalo không phản hồi.",[-40] Không liên lạc được/Thuê bao
56,Lê Hồng Quân,326879492,73,WARM,Bàn giao theo ca — Phản hồi trong 2 - 4 giờ,"Gửi thông tin dự án, tư vấn gói vay và đặt lịch xem nhà mẫu.","Quan tâm căn hộ 2PN tại Quận 7 cho gia đình trẻ. Tài chính khoảng 4-5 tỷ, cần hỗ trợ vay ngân hàng 70%. Muốn đi xem nhà mẫu vào cuối tuần này.",[+25] Ngân sách tầm trung 4-10 tỷ | [+15] Nhu cầu sản phẩm phổ biến | [+20] Thời gian quyết định nhanh / Cấp thiết | [+8] Thiện chí tương tác / Cần chính sách vay
57,Dương Anh Tâm,780283644,55,WARM,Bàn giao theo ca — Phản hồi trong 2 - 4 giờ,"Gửi thông tin dự án, tư vấn gói vay và đặt lịch xem nhà mẫu.","Cần mua đất nền vùng ven (Long An, Đồng Nai) để đầu tư dài hạn. Tài chính 2-3 tỷ. Yêu cầu sổ hồng riêng, không dính quy hoạch.",[+15] Ngân sách phân khúc phổ thông | [+15] Nhu cầu sản phẩm phổ biến | [+10] Yêu cầu pháp lý minh bạch/Sổ riêng
58,Lý Văn Linh,770059241,73,WARM,Bàn giao theo ca — Phản hồi trong 2 - 4 giờ,"Gửi thông tin dự án, tư vấn gói vay và đặt lịch xem nhà mẫu.","Quan tâm căn hộ 2PN tại Quận 7 cho gia đình trẻ. Tài chính khoảng 4-5 tỷ, cần hỗ trợ vay ngân hàng 70%. Muốn đi xem nhà mẫu vào cuối tuần này.",[+25] Ngân sách tầm trung 4-10 tỷ | [+15] Nhu cầu sản phẩm phổ biến | [+20] Thời gian quyết định nhanh / Cấp thiết | [+8] Thiện chí tương tác / Cần chính sách vay
59,Đỗ Anh Hùng,882644965,65,WARM,Bàn giao theo ca — Phản hồi trong 2 - 4 giờ,"Gửi thông tin dự án, tư vấn gói vay và đặt lịch xem nhà mẫu.","Đang tìm thuê mặt bằng kinh doanh spa tại Quận 1, diện tích khoảng 80-100m2. Giá thuê mong muốn dưới 50 triệu/tháng. Cần ký hợp đồng dài hạn.",[+15] Ngân sách phân khúc phổ thông | [+20] Vị trí trung tâm / Đại đô thị cao cấp | [+20] Thời gian quyết định nhanh / Cấp thiết
60,Nguyễn Bảo Dũng,330874915,73,WARM,Bàn giao theo ca — Phản hồi trong 2 - 4 giờ,"Gửi thông tin dự án, tư vấn gói vay và đặt lịch xem nhà mẫu.","Quan tâm căn hộ 2PN tại Quận 7 cho gia đình trẻ. Tài chính khoảng 4-5 tỷ, cần hỗ trợ vay ngân hàng 70%. Muốn đi xem nhà mẫu vào cuối tuần này.",[+25] Ngân sách tầm trung 4-10 tỷ | [+15] Nhu cầu sản phẩm phổ biến | [+20] Thời gian quyết định nhanh / Cấp thiết | [+8] Thiện chí tương tác / Cần chính sách vay
61,Đặng Bảo Anh,973456970,65,WARM,Bàn giao theo ca — Phản hồi trong 2 - 4 giờ,"Gửi thông tin dự án, tư vấn gói vay và đặt lịch xem nhà mẫu.","Tìm nhà phố liền kề khu vực nội thành, ưu tiên gần trường học và bệnh viện. Ngân sách 8-10 tỷ. Đang cân nhắc giữa 2 dự án, cần tư vấn thêm về chính sách chiết khấu.",[+25] Ngân sách tầm trung 4-10 tỷ | [+15] Nhu cầu sản phẩm phổ biến | [+12] Đang tìm hiểu / Cần tư vấn thêm | [+8] Thiện chí tương tác / Cần chính sách vay
62,Hồ Minh Dũng,789779546,0,COLD,Hệ thống Nurturing / Drip Marketing (Không gọi ngay),Đưa vào Blacklist hoặc nuôi dưỡng bằng Zalo OA tự động.,"Tìm nhà thuê nguyên căn giá 2 triệu ở trung tâm thành phố. Yêu cầu phi thực tế, thái độ không hợp tác khi tư vấn.",[-40] Không thiện chí/Hỏi cho vui | [-50] Yêu cầu phi thực tế/Ảo tưởng giá
63,Dương Văn Mai,323344639,65,WARM,Bàn giao theo ca — Phản hồi trong 2 - 4 giờ,"Gửi thông tin dự án, tư vấn gói vay và đặt lịch xem nhà mẫu.","Tìm nhà phố liền kề khu vực nội thành, ưu tiên gần trường học và bệnh viện. Ngân sách 8-10 tỷ. Đang cân nhắc giữa 2 dự án, cần tư vấn thêm về chính sách chiết khấu.",[+25] Ngân sách tầm trung 4-10 tỷ | [+15] Nhu cầu sản phẩm phổ biến | [+12] Đang tìm hiểu / Cần tư vấn thêm | [+8] Thiện chí tương tác / Cần chính sách vay
64,Bùi Hoàng Trang,797839149,55,WARM,Bàn giao theo ca — Phản hồi trong 2 - 4 giờ,"Gửi thông tin dự án, tư vấn gói vay và đặt lịch xem nhà mẫu.","Cần mua đất nền vùng ven (Long An, Đồng Nai) để đầu tư dài hạn. Tài chính 2-3 tỷ. Yêu cầu sổ hồng riêng, không dính quy hoạch.",[+15] Ngân sách phân khúc phổ thông | [+15] Nhu cầu sản phẩm phổ biến | [+10] Yêu cầu pháp lý minh bạch/Sổ riêng
65,Vũ Đức Sơn,739616820,65,WARM,Bàn giao theo ca — Phản hồi trong 2 - 4 giờ,"Gửi thông tin dự án, tư vấn gói vay và đặt lịch xem nhà mẫu.","Đang tìm thuê mặt bằng kinh doanh spa tại Quận 1, diện tích khoảng 80-100m2. Giá thuê mong muốn dưới 50 triệu/tháng. Cần ký hợp đồng dài hạn.",[+15] Ngân sách phân khúc phổ thông | [+20] Vị trí trung tâm / Đại đô thị cao cấp | [+20] Thời gian quyết định nhanh / Cấp thiết
66,Lê Phương Hùng,354232766,0,COLD,Hệ thống Nurturing / Drip Marketing (Không gọi ngay),Đưa vào Blacklist hoặc nuôi dưỡng bằng Zalo OA tự động.,"Số điện thoại hay bị thuê bao, gọi nhiều lần không bắt máy. Nhắn tin Zalo không phản hồi.",[-40] Không liên lạc được/Thuê bao
67,Dương Hồng Quân,371914550,73,WARM,Bàn giao theo ca — Phản hồi trong 2 - 4 giờ,"Gửi thông tin dự án, tư vấn gói vay và đặt lịch xem nhà mẫu.","Quan tâm căn hộ 2PN tại Quận 7 cho gia đình trẻ. Tài chính khoảng 4-5 tỷ, cần hỗ trợ vay ngân hàng 70%. Muốn đi xem nhà mẫu vào cuối tuần này.",[+25] Ngân sách tầm trung 4-10 tỷ | [+15] Nhu cầu sản phẩm phổ biến | [+20] Thời gian quyết định nhanh / Cấp thiết | [+8] Thiện chí tương tác / Cần chính sách vay
68,Dương Đức Hoa,931033995,0,COLD,Hệ thống Nurturing / Drip Marketing (Không gọi ngay),Đưa vào Blacklist hoặc nuôi dưỡng bằng Zalo OA tự động.,"Khách hàng nhầm số, không có nhu cầu về bất động sản. Có vẻ là dữ liệu cũ từ ngành khác trộn vào.",[-50] Dữ liệu rác/Nhầm số
69,Phạm Ngọc Anh,960926173,0,COLD,Hệ thống Nurturing / Drip Marketing (Không gọi ngay),Đưa vào Blacklist hoặc nuôi dưỡng bằng Zalo OA tự động.,"Số điện thoại hay bị thuê bao, gọi nhiều lần không bắt máy. Nhắn tin Zalo không phản hồi.",[-40] Không liên lạc được/Thuê bao
70,Hồ Đức Lan,991102318,0,COLD,Hệ thống Nurturing / Drip Marketing (Không gọi ngay),Đưa vào Blacklist hoặc nuôi dưỡng bằng Zalo OA tự động.,"Spam, gọi điện đến chỉ để quảng cáo ngược lại dịch vụ bảo hiểm.",[-80] Spam/Quảng cáo dịch vụ
71,Vũ Thị Hoa,863908397,0,COLD,Hệ thống Nurturing / Drip Marketing (Không gọi ngay),Đưa vào Blacklist hoặc nuôi dưỡng bằng Zalo OA tự động.,"Hỏi giá cho vui, chưa có ý định mua trong năm nay. Ngân sách rất thấp so với mặt bằng chung (đòi mua nhà Q1 giá 1 tỷ).",[-40] Không thiện chí/Hỏi cho vui | [-50] Yêu cầu phi thực tế/Ảo tưởng giá
72,Dương Anh Dũng,799017664,73,WARM,Bàn giao theo ca — Phản hồi trong 2 - 4 giờ,"Gửi thông tin dự án, tư vấn gói vay và đặt lịch xem nhà mẫu.","Quan tâm căn hộ 2PN tại Quận 7 cho gia đình trẻ. Tài chính khoảng 4-5 tỷ, cần hỗ trợ vay ngân hàng 70%. Muốn đi xem nhà mẫu vào cuối tuần này.",[+25] Ngân sách tầm trung 4-10 tỷ | [+15] Nhu cầu sản phẩm phổ biến | [+20] Thời gian quyết định nhanh / Cấp thiết | [+8] Thiện chí tương tác / Cần chính sách vay
73,Đặng Bảo Tuấn,866192410,0,COLD,Hệ thống Nurturing / Drip Marketing (Không gọi ngay),Đưa vào Blacklist hoặc nuôi dưỡng bằng Zalo OA tự động.,"Tìm nhà thuê nguyên căn giá 2 triệu ở trung tâm thành phố. Yêu cầu phi thực tế, thái độ không hợp tác khi tư vấn.",[-40] Không thiện chí/Hỏi cho vui | [-50] Yêu cầu phi thực tế/Ảo tưởng giá
74,Lê Phương Nam,389404152,0,COLD,Hệ thống Nurturing / Drip Marketing (Không gọi ngay),Đưa vào Blacklist hoặc nuôi dưỡng bằng Zalo OA tự động.,"Tìm nhà thuê nguyên căn giá 2 triệu ở trung tâm thành phố. Yêu cầu phi thực tế, thái độ không hợp tác khi tư vấn.",[-40] Không thiện chí/Hỏi cho vui | [-50] Yêu cầu phi thực tế/Ảo tưởng giá
75,Nguyễn Hoàng Tâm,970356798,65,WARM,Bàn giao theo ca — Phản hồi trong 2 - 4 giờ,"Gửi thông tin dự án, tư vấn gói vay và đặt lịch xem nhà mẫu.","Tìm nhà phố liền kề khu vực nội thành, ưu tiên gần trường học và bệnh viện. Ngân sách 8-10 tỷ. Đang cân nhắc giữa 2 dự án, cần tư vấn thêm về chính sách chiết khấu.",[+25] Ngân sách tầm trung 4-10 tỷ | [+15] Nhu cầu sản phẩm phổ biến | [+12] Đang tìm hiểu / Cần tư vấn thêm | [+8] Thiện chí tương tác / Cần chính sách vay
76,Trần Đức Cường,375281509,90,HOT,Bàn giao ngay — Gọi lại trong vòng 5 - 15 phút,"Top Sales liên hệ trực tiếp, chuẩn bị hồ sơ dự án cao cấp.","Chủ doanh nghiệp lớn, cần tìm quỹ đất công nghiệp hoặc sàn văn phòng diện tích trên 2000m2 tại khu Đông. Tài chính cực mạnh, yêu cầu pháp lý chuẩn 100%.",[+35] Ngân sách VIP >= 20 tỷ / Tài chính mạnh | [+25] Phân khúc siêu cao cấp / Diện tích lớn | [+15] Chân dung VIP (Chủ DN / Mua sỉ)
77,Hồ Phương Quân,964760289,65,WARM,Bàn giao theo ca — Phản hồi trong 2 - 4 giờ,"Gửi thông tin dự án, tư vấn gói vay và đặt lịch xem nhà mẫu.","Đang tìm thuê mặt bằng kinh doanh spa tại Quận 1, diện tích khoảng 80-100m2. Giá thuê mong muốn dưới 50 triệu/tháng. Cần ký hợp đồng dài hạn.",[+15] Ngân sách phân khúc phổ thông | [+20] Vị trí trung tâm / Đại đô thị cao cấp | [+20] Thời gian quyết định nhanh / Cấp thiết
78,Nguyễn Ngọc Sơn,781827393,65,WARM,Bàn giao theo ca — Phản hồi trong 2 - 4 giờ,"Gửi thông tin dự án, tư vấn gói vay và đặt lịch xem nhà mẫu.","Tìm nhà phố liền kề khu vực nội thành, ưu tiên gần trường học và bệnh viện. Ngân sách 8-10 tỷ. Đang cân nhắc giữa 2 dự án, cần tư vấn thêm về chính sách chiết khấu.",[+25] Ngân sách tầm trung 4-10 tỷ | [+15] Nhu cầu sản phẩm phổ biến | [+12] Đang tìm hiểu / Cần tư vấn thêm | [+8] Thiện chí tương tác / Cần chính sách vay
79,Đặng Thị Anh,730987595,55,WARM,Bàn giao theo ca — Phản hồi trong 2 - 4 giờ,"Gửi thông tin dự án, tư vấn gói vay và đặt lịch xem nhà mẫu.","Cần mua đất nền vùng ven (Long An, Đồng Nai) để đầu tư dài hạn. Tài chính 2-3 tỷ. Yêu cầu sổ hồng riêng, không dính quy hoạch.",[+15] Ngân sách phân khúc phổ thông | [+15] Nhu cầu sản phẩm phổ biến | [+10] Yêu cầu pháp lý minh bạch/Sổ riêng
80,Đỗ Hồng Quân,862981541,0,COLD,Hệ thống Nurturing / Drip Marketing (Không gọi ngay),Đưa vào Blacklist hoặc nuôi dưỡng bằng Zalo OA tự động.,"Tìm nhà thuê nguyên căn giá 2 triệu ở trung tâm thành phố. Yêu cầu phi thực tế, thái độ không hợp tác khi tư vấn.",[-40] Không thiện chí/Hỏi cho vui | [-50] Yêu cầu phi thực tế/Ảo tưởng giá
81,Ngô Anh Hoa,726992063,65,WARM,Bàn giao theo ca — Phản hồi trong 2 - 4 giờ,"Gửi thông tin dự án, tư vấn gói vay và đặt lịch xem nhà mẫu.","Tìm nhà phố liền kề khu vực nội thành, ưu tiên gần trường học và bệnh viện. Ngân sách 8-10 tỷ. Đang cân nhắc giữa 2 dự án, cần tư vấn thêm về chính sách chiết khấu.",[+25] Ngân sách tầm trung 4-10 tỷ | [+15] Nhu cầu sản phẩm phổ biến | [+12] Đang tìm hiểu / Cần tư vấn thêm | [+8] Thiện chí tương tác / Cần chính sách vay
82,Đỗ Phương Linh,347316357,0,COLD,Hệ thống Nurturing / Drip Marketing (Không gọi ngay),Đưa vào Blacklist hoặc nuôi dưỡng bằng Zalo OA tự động.,"Khách hàng nhầm số, không có nhu cầu về bất động sản. Có vẻ là dữ liệu cũ từ ngành khác trộn vào.",[-50] Dữ liệu rác/Nhầm số
83,Dương Ngọc Hùng,720671557,65,WARM,Bàn giao theo ca — Phản hồi trong 2 - 4 giờ,"Gửi thông tin dự án, tư vấn gói vay và đặt lịch xem nhà mẫu.","Đang tìm thuê mặt bằng kinh doanh spa tại Quận 1, diện tích khoảng 80-100m2. Giá thuê mong muốn dưới 50 triệu/tháng. Cần ký hợp đồng dài hạn.",[+15] Ngân sách phân khúc phổ thông | [+20] Vị trí trung tâm / Đại đô thị cao cấp | [+20] Thời gian quyết định nhanh / Cấp thiết
84,Phan Minh Cường,963337827,0,COLD,Hệ thống Nurturing / Drip Marketing (Không gọi ngay),Đưa vào Blacklist hoặc nuôi dưỡng bằng Zalo OA tự động.,"Tìm nhà thuê nguyên căn giá 2 triệu ở trung tâm thành phố. Yêu cầu phi thực tế, thái độ không hợp tác khi tư vấn.",[-40] Không thiện chí/Hỏi cho vui | [-50] Yêu cầu phi thực tế/Ảo tưởng giá
85,Phạm Hoàng Sơn,999336246,55,WARM,Bàn giao theo ca — Phản hồi trong 2 - 4 giờ,"Gửi thông tin dự án, tư vấn gói vay và đặt lịch xem nhà mẫu.","Cần mua đất nền vùng ven (Long An, Đồng Nai) để đầu tư dài hạn. Tài chính 2-3 tỷ. Yêu cầu sổ hồng riêng, không dính quy hoạch.",[+15] Ngân sách phân khúc phổ thông | [+15] Nhu cầu sản phẩm phổ biến | [+10] Yêu cầu pháp lý minh bạch/Sổ riêng
86,Lý Hoàng Hoa,321979272,65,WARM,Bàn giao theo ca — Phản hồi trong 2 - 4 giờ,"Gửi thông tin dự án, tư vấn gói vay và đặt lịch xem nhà mẫu.","Đang tìm thuê mặt bằng kinh doanh spa tại Quận 1, diện tích khoảng 80-100m2. Giá thuê mong muốn dưới 50 triệu/tháng. Cần ký hợp đồng dài hạn.",[+15] Ngân sách phân khúc phổ thông | [+20] Vị trí trung tâm / Đại đô thị cao cấp | [+20] Thời gian quyết định nhanh / Cấp thiết
87,Lý Minh Tâm,818324151,73,WARM,Bàn giao theo ca — Phản hồi trong 2 - 4 giờ,"Gửi thông tin dự án, tư vấn gói vay và đặt lịch xem nhà mẫu.","Quan tâm căn hộ 2PN tại Quận 7 cho gia đình trẻ. Tài chính khoảng 4-5 tỷ, cần hỗ trợ vay ngân hàng 70%. Muốn đi xem nhà mẫu vào cuối tuần này.",[+25] Ngân sách tầm trung 4-10 tỷ | [+15] Nhu cầu sản phẩm phổ biến | [+20] Thời gian quyết định nhanh / Cấp thiết | [+8] Thiện chí tương tác / Cần chính sách vay
88,Dương Hồng Cường,874079920,90,HOT,Bàn giao ngay — Gọi lại trong vòng 5 - 15 phút,"Top Sales liên hệ trực tiếp, chuẩn bị hồ sơ dự án cao cấp.","Chủ doanh nghiệp lớn, cần tìm quỹ đất công nghiệp hoặc sàn văn phòng diện tích trên 2000m2 tại khu Đông. Tài chính cực mạnh, yêu cầu pháp lý chuẩn 100%.",[+35] Ngân sách VIP >= 20 tỷ / Tài chính mạnh | [+25] Phân khúc siêu cao cấp / Diện tích lớn | [+15] Chân dung VIP (Chủ DN / Mua sỉ)
89,Lý Hoàng Quân,985365974,0,COLD,Hệ thống Nurturing / Drip Marketing (Không gọi ngay),Đưa vào Blacklist hoặc nuôi dưỡng bằng Zalo OA tự động.,"Tìm nhà thuê nguyên căn giá 2 triệu ở trung tâm thành phố. Yêu cầu phi thực tế, thái độ không hợp tác khi tư vấn.",[-40] Không thiện chí/Hỏi cho vui | [-50] Yêu cầu phi thực tế/Ảo tưởng giá
90,Đỗ Minh Quân,386651571,0,COLD,Hệ thống Nurturing / Drip Marketing (Không gọi ngay),Đưa vào Blacklist hoặc nuôi dưỡng bằng Zalo OA tự động.,"Khách hàng nhầm số, không có nhu cầu về bất động sản. Có vẻ là dữ liệu cũ từ ngành khác trộn vào.",[-50] Dữ liệu rác/Nhầm số
91,Đặng Thị Dũng,710762190,55,WARM,Bàn giao theo ca — Phản hồi trong 2 - 4 giờ,"Gửi thông tin dự án, tư vấn gói vay và đặt lịch xem nhà mẫu.","Cần mua đất nền vùng ven (Long An, Đồng Nai) để đầu tư dài hạn. Tài chính 2-3 tỷ. Yêu cầu sổ hồng riêng, không dính quy hoạch.",[+15] Ngân sách phân khúc phổ thông | [+15] Nhu cầu sản phẩm phổ biến | [+10] Yêu cầu pháp lý minh bạch/Sổ riêng
92,Lê Hoàng Dũng,847028204,55,WARM,Bàn giao theo ca — Phản hồi trong 2 - 4 giờ,"Gửi thông tin dự án, tư vấn gói vay và đặt lịch xem nhà mẫu.","Cần mua đất nền vùng ven (Long An, Đồng Nai) để đầu tư dài hạn. Tài chính 2-3 tỷ. Yêu cầu sổ hồng riêng, không dính quy hoạch.",[+15] Ngân sách phân khúc phổ thông | [+15] Nhu cầu sản phẩm phổ biến | [+10] Yêu cầu pháp lý minh bạch/Sổ riêng
93,Lê Phương Tuấn,791563128,65,WARM,Bàn giao theo ca — Phản hồi trong 2 - 4 giờ,"Gửi thông tin dự án, tư vấn gói vay và đặt lịch xem nhà mẫu.","Đang tìm thuê mặt bằng kinh doanh spa tại Quận 1, diện tích khoảng 80-100m2. Giá thuê mong muốn dưới 50 triệu/tháng. Cần ký hợp đồng dài hạn.",[+15] Ngân sách phân khúc phổ thông | [+20] Vị trí trung tâm / Đại đô thị cao cấp | [+20] Thời gian quyết định nhanh / Cấp thiết
94,Vũ Ngọc Quân,760848718,0,COLD,Hệ thống Nurturing / Drip Marketing (Không gọi ngay),Đưa vào Blacklist hoặc nuôi dưỡng bằng Zalo OA tự động.,"Tìm nhà thuê nguyên căn giá 2 triệu ở trung tâm thành phố. Yêu cầu phi thực tế, thái độ không hợp tác khi tư vấn.",[-40] Không thiện chí/Hỏi cho vui | [-50] Yêu cầu phi thực tế/Ảo tưởng giá
95,Trần Văn Sơn,313014184,73,WARM,Bàn giao theo ca — Phản hồi trong 2 - 4 giờ,"Gửi thông tin dự án, tư vấn gói vay và đặt lịch xem nhà mẫu.","Quan tâm căn hộ 2PN tại Quận 7 cho gia đình trẻ. Tài chính khoảng 4-5 tỷ, cần hỗ trợ vay ngân hàng 70%. Muốn đi xem nhà mẫu vào cuối tuần này.",[+25] Ngân sách tầm trung 4-10 tỷ | [+15] Nhu cầu sản phẩm phổ biến | [+20] Thời gian quyết định nhanh / Cấp thiết | [+8] Thiện chí tương tác / Cần chính sách vay
96,Vũ Hoàng Dũng,910302521,73,WARM,Bàn giao theo ca — Phản hồi trong 2 - 4 giờ,"Gửi thông tin dự án, tư vấn gói vay và đặt lịch xem nhà mẫu.","Quan tâm căn hộ 2PN tại Quận 7 cho gia đình trẻ. Tài chính khoảng 4-5 tỷ, cần hỗ trợ vay ngân hàng 70%. Muốn đi xem nhà mẫu vào cuối tuần này.",[+25] Ngân sách tầm trung 4-10 tỷ | [+15] Nhu cầu sản phẩm phổ biến | [+20] Thời gian quyết định nhanh / Cấp thiết | [+8] Thiện chí tương tác / Cần chính sách vay
97,Đỗ Anh Lan,814261084,55,WARM,Bàn giao theo ca — Phản hồi trong 2 - 4 giờ,"Gửi thông tin dự án, tư vấn gói vay và đặt lịch xem nhà mẫu.","Cần mua đất nền vùng ven (Long An, Đồng Nai) để đầu tư dài hạn. Tài chính 2-3 tỷ. Yêu cầu sổ hồng riêng, không dính quy hoạch.",[+15] Ngân sách phân khúc phổ thông | [+15] Nhu cầu sản phẩm phổ biến | [+10] Yêu cầu pháp lý minh bạch/Sổ riêng
98,Phạm Phương Nam,999450520,65,WARM,Bàn giao theo ca — Phản hồi trong 2 - 4 giờ,"Gửi thông tin dự án, tư vấn gói vay và đặt lịch xem nhà mẫu.","Tìm nhà phố liền kề khu vực nội thành, ưu tiên gần trường học và bệnh viện. Ngân sách 8-10 tỷ. Đang cân nhắc giữa 2 dự án, cần tư vấn thêm về chính sách chiết khấu.",[+25] Ngân sách tầm trung 4-10 tỷ | [+15] Nhu cầu sản phẩm phổ biến | [+12] Đang tìm hiểu / Cần tư vấn thêm | [+8] Thiện chí tương tác / Cần chính sách vay
99,Phan Anh Sơn,786271054,55,WARM,Bàn giao theo ca — Phản hồi trong 2 - 4 giờ,"Gửi thông tin dự án, tư vấn gói vay và đặt lịch xem nhà mẫu.","Cần mua đất nền vùng ven (Long An, Đồng Nai) để đầu tư dài hạn. Tài chính 2-3 tỷ. Yêu cầu sổ hồng riêng, không dính quy hoạch.",[+15] Ngân sách phân khúc phổ thông | [+15] Nhu cầu sản phẩm phổ biến | [+10] Yêu cầu pháp lý minh bạch/Sổ riêng
100,Phan Hồng Anh,330548717,65,WARM,Bàn giao theo ca — Phản hồi trong 2 - 4 giờ,"Gửi thông tin dự án, tư vấn gói vay và đặt lịch xem nhà mẫu.","Tìm nhà phố liền kề khu vực nội thành, ưu tiên gần trường học và bệnh viện. Ngân sách 8-10 tỷ. Đang cân nhắc giữa 2 dự án, cần tư vấn thêm về chính sách chiết khấu.",[+25] Ngân sách tầm trung 4-10 tỷ | [+15] Nhu cầu sản phẩm phổ biến | [+12] Đang tìm hiểu / Cần tư vấn thêm | [+8] Thiện chí tương tác / Cần chính sách vay
101,Nguyễn Minh Trang,895564175,73,WARM,Bàn giao theo ca — Phản hồi trong 2 - 4 giờ,"Gửi thông tin dự án, tư vấn gói vay và đặt lịch xem nhà mẫu.","Quan tâm căn hộ 2PN tại Quận 7 cho gia đình trẻ. Tài chính khoảng 4-5 tỷ, cần hỗ trợ vay ngân hàng 70%. Muốn đi xem nhà mẫu vào cuối tuần này.",[+25] Ngân sách tầm trung 4-10 tỷ | [+15] Nhu cầu sản phẩm phổ biến | [+20] Thời gian quyết định nhanh / Cấp thiết | [+8] Thiện chí tương tác / Cần chính sách vay
102,Lê Anh Dũng,928077674,0,COLD,Hệ thống Nurturing / Drip Marketing (Không gọi ngay),Đưa vào Blacklist hoặc nuôi dưỡng bằng Zalo OA tự động.,"Khách hàng nhầm số, không có nhu cầu về bất động sản. Có vẻ là dữ liệu cũ từ ngành khác trộn vào.",[-50] Dữ liệu rác/Nhầm số
103,Lê Đức Dũng,816303479,65,WARM,Bàn giao theo ca — Phản hồi trong 2 - 4 giờ,"Gửi thông tin dự án, tư vấn gói vay và đặt lịch xem nhà mẫu.","Tìm nhà phố liền kề khu vực nội thành, ưu tiên gần trường học và bệnh viện. Ngân sách 8-10 tỷ. Đang cân nhắc giữa 2 dự án, cần tư vấn thêm về chính sách chiết khấu.",[+25] Ngân sách tầm trung 4-10 tỷ | [+15] Nhu cầu sản phẩm phổ biến | [+12] Đang tìm hiểu / Cần tư vấn thêm | [+8] Thiện chí tương tác / Cần chính sách vay
104,Đặng Hoàng Hoa,331201116,0,COLD,Hệ thống Nurturing / Drip Marketing (Không gọi ngay),Đưa vào Blacklist hoặc nuôi dưỡng bằng Zalo OA tự động.,"Hỏi giá cho vui, chưa có ý định mua trong năm nay. Ngân sách rất thấp so với mặt bằng chung (đòi mua nhà Q1 giá 1 tỷ).",[-40] Không thiện chí/Hỏi cho vui | [-50] Yêu cầu phi thực tế/Ảo tưởng giá
105,Hồ Phương Mai,980559941,55,WARM,Bàn giao theo ca — Phản hồi trong 2 - 4 giờ,"Gửi thông tin dự án, tư vấn gói vay và đặt lịch xem nhà mẫu.","Cần mua đất nền vùng ven (Long An, Đồng Nai) để đầu tư dài hạn. Tài chính 2-3 tỷ. Yêu cầu sổ hồng riêng, không dính quy hoạch.",[+15] Ngân sách phân khúc phổ thông | [+15] Nhu cầu sản phẩm phổ biến | [+10] Yêu cầu pháp lý minh bạch/Sổ riêng
106,Lý Thị Tâm,318265838,0,COLD,Hệ thống Nurturing / Drip Marketing (Không gọi ngay),Đưa vào Blacklist hoặc nuôi dưỡng bằng Zalo OA tự động.,"Hỏi giá cho vui, chưa có ý định mua trong năm nay. Ngân sách rất thấp so với mặt bằng chung (đòi mua nhà Q1 giá 1 tỷ).",[-40] Không thiện chí/Hỏi cho vui | [-50] Yêu cầu phi thực tế/Ảo tưởng giá
107,Hồ Văn Quân,339683238,65,WARM,Bàn giao theo ca — Phản hồi trong 2 - 4 giờ,"Gửi thông tin dự án, tư vấn gói vay và đặt lịch xem nhà mẫu.","Đang tìm thuê mặt bằng kinh doanh spa tại Quận 1, diện tích khoảng 80-100m2. Giá thuê mong muốn dưới 50 triệu/tháng. Cần ký hợp đồng dài hạn.",[+15] Ngân sách phân khúc phổ thông | [+20] Vị trí trung tâm / Đại đô thị cao cấp | [+20] Thời gian quyết định nhanh / Cấp thiết
108,Đỗ Hồng Nam,759788575,65,WARM,Bàn giao theo ca — Phản hồi trong 2 - 4 giờ,"Gửi thông tin dự án, tư vấn gói vay và đặt lịch xem nhà mẫu.","Tìm nhà phố liền kề khu vực nội thành, ưu tiên gần trường học và bệnh viện. Ngân sách 8-10 tỷ. Đang cân nhắc giữa 2 dự án, cần tư vấn thêm về chính sách chiết khấu.",[+25] Ngân sách tầm trung 4-10 tỷ | [+15] Nhu cầu sản phẩm phổ biến | [+12] Đang tìm hiểu / Cần tư vấn thêm | [+8] Thiện chí tương tác / Cần chính sách vay
109,Dương Văn Mai,341954813,73,WARM,Bàn giao theo ca — Phản hồi trong 2 - 4 giờ,"Gửi thông tin dự án, tư vấn gói vay và đặt lịch xem nhà mẫu.","Quan tâm căn hộ 2PN tại Quận 7 cho gia đình trẻ. Tài chính khoảng 4-5 tỷ, cần hỗ trợ vay ngân hàng 70%. Muốn đi xem nhà mẫu vào cuối tuần này.",[+25] Ngân sách tầm trung 4-10 tỷ | [+15] Nhu cầu sản phẩm phổ biến | [+20] Thời gian quyết định nhanh / Cấp thiết | [+8] Thiện chí tương tác / Cần chính sách vay
110,Đặng Hoàng Hoa,860234597,65,WARM,Bàn giao theo ca — Phản hồi trong 2 - 4 giờ,"Gửi thông tin dự án, tư vấn gói vay và đặt lịch xem nhà mẫu.","Đang tìm thuê mặt bằng kinh doanh spa tại Quận 1, diện tích khoảng 80-100m2. Giá thuê mong muốn dưới 50 triệu/tháng. Cần ký hợp đồng dài hạn.",[+15] Ngân sách phân khúc phổ thông | [+20] Vị trí trung tâm / Đại đô thị cao cấp | [+20] Thời gian quyết định nhanh / Cấp thiết
111,Bùi Hoàng Sơn,818013246,65,WARM,Bàn giao theo ca — Phản hồi trong 2 - 4 giờ,"Gửi thông tin dự án, tư vấn gói vay và đặt lịch xem nhà mẫu.","Đang tìm thuê mặt bằng kinh doanh spa tại Quận 1, diện tích khoảng 80-100m2. Giá thuê mong muốn dưới 50 triệu/tháng. Cần ký hợp đồng dài hạn.",[+15] Ngân sách phân khúc phổ thông | [+20] Vị trí trung tâm / Đại đô thị cao cấp | [+20] Thời gian quyết định nhanh / Cấp thiết
112,Trần Thị Quân,887547942,90,HOT,Bàn giao ngay — Gọi lại trong vòng 5 - 15 phút,"Top Sales liên hệ trực tiếp, chuẩn bị hồ sơ dự án cao cấp.","Chủ doanh nghiệp lớn, cần tìm quỹ đất công nghiệp hoặc sàn văn phòng diện tích trên 2000m2 tại khu Đông. Tài chính cực mạnh, yêu cầu pháp lý chuẩn 100%.",[+35] Ngân sách VIP >= 20 tỷ / Tài chính mạnh | [+25] Phân khúc siêu cao cấp / Diện tích lớn | [+15] Chân dung VIP (Chủ DN / Mua sỉ)
113,Phạm Hoàng Tâm,948209430,73,WARM,Bàn giao theo ca — Phản hồi trong 2 - 4 giờ,"Gửi thông tin dự án, tư vấn gói vay và đặt lịch xem nhà mẫu.","Quan tâm căn hộ 2PN tại Quận 7 cho gia đình trẻ. Tài chính khoảng 4-5 tỷ, cần hỗ trợ vay ngân hàng 70%. Muốn đi xem nhà mẫu vào cuối tuần này.",[+25] Ngân sách tầm trung 4-10 tỷ | [+15] Nhu cầu sản phẩm phổ biến | [+20] Thời gian quyết định nhanh / Cấp thiết | [+8] Thiện chí tương tác / Cần chính sách vay
114,Đặng Anh Hùng,748088000,65,WARM,Bàn giao theo ca — Phản hồi trong 2 - 4 giờ,"Gửi thông tin dự án, tư vấn gói vay và đặt lịch xem nhà mẫu.","Tìm nhà phố liền kề khu vực nội thành, ưu tiên gần trường học và bệnh viện. Ngân sách 8-10 tỷ. Đang cân nhắc giữa 2 dự án, cần tư vấn thêm về chính sách chiết khấu.",[+25] Ngân sách tầm trung 4-10 tỷ | [+15] Nhu cầu sản phẩm phổ biến | [+12] Đang tìm hiểu / Cần tư vấn thêm | [+8] Thiện chí tương tác / Cần chính sách vay
115,Đặng Hoàng Hùng,390163213,50,HOT,Bàn giao ngay — Gọi lại trong vòng 5 - 15 phút,"Top Sales liên hệ trực tiếp, chuẩn bị hồ sơ dự án cao cấp.","Nhà đầu tư chuyên nghiệp, muốn gom sỉ 5-10 căn shophouse mặt đường lớn. Quan tâm đến tỷ suất lợi nhuận và chính sách cam kết thuê lại. Cần gặp trực tiếp giám đốc dự án.",[+15] Chân dung VIP (Chủ DN / Mua sỉ)
116,Phạm Bảo Sơn,884424648,73,WARM,Bàn giao theo ca — Phản hồi trong 2 - 4 giờ,"Gửi thông tin dự án, tư vấn gói vay và đặt lịch xem nhà mẫu.","Quan tâm căn hộ 2PN tại Quận 7 cho gia đình trẻ. Tài chính khoảng 4-5 tỷ, cần hỗ trợ vay ngân hàng 70%. Muốn đi xem nhà mẫu vào cuối tuần này.",[+25] Ngân sách tầm trung 4-10 tỷ | [+15] Nhu cầu sản phẩm phổ biến | [+20] Thời gian quyết định nhanh / Cấp thiết | [+8] Thiện chí tương tác / Cần chính sách vay
117,Lý Bảo Trang,388990051,73,WARM,Bàn giao theo ca — Phản hồi trong 2 - 4 giờ,"Gửi thông tin dự án, tư vấn gói vay và đặt lịch xem nhà mẫu.","Quan tâm căn hộ 2PN tại Quận 7 cho gia đình trẻ. Tài chính khoảng 4-5 tỷ, cần hỗ trợ vay ngân hàng 70%. Muốn đi xem nhà mẫu vào cuối tuần này.",[+25] Ngân sách tầm trung 4-10 tỷ | [+15] Nhu cầu sản phẩm phổ biến | [+20] Thời gian quyết định nhanh / Cấp thiết | [+8] Thiện chí tương tác / Cần chính sách vay
118,Lý Thị Lan,319575771,0,COLD,Hệ thống Nurturing / Drip Marketing (Không gọi ngay),Đưa vào Blacklist hoặc nuôi dưỡng bằng Zalo OA tự động.,"Số điện thoại hay bị thuê bao, gọi nhiều lần không bắt máy. Nhắn tin Zalo không phản hồi.",[-40] Không liên lạc được/Thuê bao
119,Hồ Phương Nam,371537394,0,COLD,Hệ thống Nurturing / Drip Marketing (Không gọi ngay),Đưa vào Blacklist hoặc nuôi dưỡng bằng Zalo OA tự động.,"Spam, gọi điện đến chỉ để quảng cáo ngược lại dịch vụ bảo hiểm.",[-80] Spam/Quảng cáo dịch vụ
120,Nguyễn Hoàng Sơn,331217700,0,COLD,Hệ thống Nurturing / Drip Marketing (Không gọi ngay),Đưa vào Blacklist hoặc nuôi dưỡng bằng Zalo OA tự động.,"Số điện thoại hay bị thuê bao, gọi nhiều lần không bắt máy. Nhắn tin Zalo không phản hồi.",[-40] Không liên lạc được/Thuê bao
121,Phạm Ngọc Dũng,771592688,0,COLD,Hệ thống Nurturing / Drip Marketing (Không gọi ngay),Đưa vào Blacklist hoặc nuôi dưỡng bằng Zalo OA tự động.,"Khách hàng nhầm số, không có nhu cầu về bất động sản. Có vẻ là dữ liệu cũ từ ngành khác trộn vào.",[-50] Dữ liệu rác/Nhầm số
122,Lê Thị Tâm,749481856,0,COLD,Hệ thống Nurturing / Drip Marketing (Không gọi ngay),Đưa vào Blacklist hoặc nuôi dưỡng bằng Zalo OA tự động.,"Tìm nhà thuê nguyên căn giá 2 triệu ở trung tâm thành phố. Yêu cầu phi thực tế, thái độ không hợp tác khi tư vấn.",[-40] Không thiện chí/Hỏi cho vui | [-50] Yêu cầu phi thực tế/Ảo tưởng giá
123,Phạm Hồng Mai,975220086,65,WARM,Bàn giao theo ca — Phản hồi trong 2 - 4 giờ,"Gửi thông tin dự án, tư vấn gói vay và đặt lịch xem nhà mẫu.","Đang tìm thuê mặt bằng kinh doanh spa tại Quận 1, diện tích khoảng 80-100m2. Giá thuê mong muốn dưới 50 triệu/tháng. Cần ký hợp đồng dài hạn.",[+15] Ngân sách phân khúc phổ thông | [+20] Vị trí trung tâm / Đại đô thị cao cấp | [+20] Thời gian quyết định nhanh / Cấp thiết
124,Hồ Anh Linh,742470006,65,WARM,Bàn giao theo ca — Phản hồi trong 2 - 4 giờ,"Gửi thông tin dự án, tư vấn gói vay và đặt lịch xem nhà mẫu.","Tìm nhà phố liền kề khu vực nội thành, ưu tiên gần trường học và bệnh viện. Ngân sách 8-10 tỷ. Đang cân nhắc giữa 2 dự án, cần tư vấn thêm về chính sách chiết khấu.",[+25] Ngân sách tầm trung 4-10 tỷ | [+15] Nhu cầu sản phẩm phổ biến | [+12] Đang tìm hiểu / Cần tư vấn thêm | [+8] Thiện chí tương tác / Cần chính sách vay
125,Trần Bảo Dũng,844156686,73,WARM,Bàn giao theo ca — Phản hồi trong 2 - 4 giờ,"Gửi thông tin dự án, tư vấn gói vay và đặt lịch xem nhà mẫu.","Quan tâm căn hộ 2PN tại Quận 7 cho gia đình trẻ. Tài chính khoảng 4-5 tỷ, cần hỗ trợ vay ngân hàng 70%. Muốn đi xem nhà mẫu vào cuối tuần này.",[+25] Ngân sách tầm trung 4-10 tỷ | [+15] Nhu cầu sản phẩm phổ biến | [+20] Thời gian quyết định nhanh / Cấp thiết | [+8] Thiện chí tương tác / Cần chính sách vay
126,Nguyễn Bảo Cường,996055352,90,HOT,Bàn giao ngay — Gọi lại trong vòng 5 - 15 phút,"Top Sales liên hệ trực tiếp, chuẩn bị hồ sơ dự án cao cấp.","Chủ doanh nghiệp lớn, cần tìm quỹ đất công nghiệp hoặc sàn văn phòng diện tích trên 2000m2 tại khu Đông. Tài chính cực mạnh, yêu cầu pháp lý chuẩn 100%.",[+35] Ngân sách VIP >= 20 tỷ / Tài chính mạnh | [+25] Phân khúc siêu cao cấp / Diện tích lớn | [+15] Chân dung VIP (Chủ DN / Mua sỉ)
127,Bùi Phương Tâm,790240040,80,HOT,Bàn giao ngay — Gọi lại trong vòng 5 - 15 phút,"Top Sales liên hệ trực tiếp, chuẩn bị hồ sơ dự án cao cấp.","Khách hàng VIP, quan tâm biệt thự đơn lập phân khu cao cấp nhất. Ngân sách trên 30 tỷ, thanh toán thẳng. Yêu cầu vị trí ven sông, hướng Đông Nam. Đã từng mua nhiều dự án của tập đoàn.",[+35] Ngân sách VIP >= 20 tỷ / Tài chính mạnh | [+25] Phân khúc siêu cao cấp / Diện tích lớn
128,Phan Đức Tâm,342183354,65,WARM,Bàn giao theo ca — Phản hồi trong 2 - 4 giờ,"Gửi thông tin dự án, tư vấn gói vay và đặt lịch xem nhà mẫu.","Đang tìm thuê mặt bằng kinh doanh spa tại Quận 1, diện tích khoảng 80-100m2. Giá thuê mong muốn dưới 50 triệu/tháng. Cần ký hợp đồng dài hạn.",[+15] Ngân sách phân khúc phổ thông | [+20] Vị trí trung tâm / Đại đô thị cao cấp | [+20] Thời gian quyết định nhanh / Cấp thiết
129,Lê Bảo Hùng,880040961,65,WARM,Bàn giao theo ca — Phản hồi trong 2 - 4 giờ,"Gửi thông tin dự án, tư vấn gói vay và đặt lịch xem nhà mẫu.","Tìm nhà phố liền kề khu vực nội thành, ưu tiên gần trường học và bệnh viện. Ngân sách 8-10 tỷ. Đang cân nhắc giữa 2 dự án, cần tư vấn thêm về chính sách chiết khấu.",[+25] Ngân sách tầm trung 4-10 tỷ | [+15] Nhu cầu sản phẩm phổ biến | [+12] Đang tìm hiểu / Cần tư vấn thêm | [+8] Thiện chí tương tác / Cần chính sách vay
130,Lê Văn Cường,377966315,80,HOT,Bàn giao ngay — Gọi lại trong vòng 5 - 15 phút,"Top Sales liên hệ trực tiếp, chuẩn bị hồ sơ dự án cao cấp.","Khách hàng tìm mua Penthouse diện tích lớn, yêu cầu có hồ bơi riêng và thang máy riêng. Ngân sách không thành vấn đề, quan trọng là đẳng cấp và sự riêng tư.",[+35] Ngân sách VIP >= 20 tỷ / Tài chính mạnh | [+25] Phân khúc siêu cao cấp / Diện tích lớn
131,Đặng Anh Quân,381391608,65,WARM,Bàn giao theo ca — Phản hồi trong 2 - 4 giờ,"Gửi thông tin dự án, tư vấn gói vay và đặt lịch xem nhà mẫu.","Đang tìm thuê mặt bằng kinh doanh spa tại Quận 1, diện tích khoảng 80-100m2. Giá thuê mong muốn dưới 50 triệu/tháng. Cần ký hợp đồng dài hạn.",[+15] Ngân sách phân khúc phổ thông | [+20] Vị trí trung tâm / Đại đô thị cao cấp | [+20] Thời gian quyết định nhanh / Cấp thiết
132,Đặng Bảo Mai,377682013,65,WARM,Bàn giao theo ca — Phản hồi trong 2 - 4 giờ,"Gửi thông tin dự án, tư vấn gói vay và đặt lịch xem nhà mẫu.","Tìm nhà phố liền kề khu vực nội thành, ưu tiên gần trường học và bệnh viện. Ngân sách 8-10 tỷ. Đang cân nhắc giữa 2 dự án, cần tư vấn thêm về chính sách chiết khấu.",[+25] Ngân sách tầm trung 4-10 tỷ | [+15] Nhu cầu sản phẩm phổ biến | [+12] Đang tìm hiểu / Cần tư vấn thêm | [+8] Thiện chí tương tác / Cần chính sách vay
133,Lê Văn Nam,766333779,65,WARM,Bàn giao theo ca — Phản hồi trong 2 - 4 giờ,"Gửi thông tin dự án, tư vấn gói vay và đặt lịch xem nhà mẫu.","Tìm nhà phố liền kề khu vực nội thành, ưu tiên gần trường học và bệnh viện. Ngân sách 8-10 tỷ. Đang cân nhắc giữa 2 dự án, cần tư vấn thêm về chính sách chiết khấu.",[+25] Ngân sách tầm trung 4-10 tỷ | [+15] Nhu cầu sản phẩm phổ biến | [+12] Đang tìm hiểu / Cần tư vấn thêm | [+8] Thiện chí tương tác / Cần chính sách vay
134,Đặng Đức Tuấn,811538275,65,WARM,Bàn giao theo ca — Phản hồi trong 2 - 4 giờ,"Gửi thông tin dự án, tư vấn gói vay và đặt lịch xem nhà mẫu.","Tìm nhà phố liền kề khu vực nội thành, ưu tiên gần trường học và bệnh viện. Ngân sách 8-10 tỷ. Đang cân nhắc giữa 2 dự án, cần tư vấn thêm về chính sách chiết khấu.",[+25] Ngân sách tầm trung 4-10 tỷ | [+15] Nhu cầu sản phẩm phổ biến | [+12] Đang tìm hiểu / Cần tư vấn thêm | [+8] Thiện chí tương tác / Cần chính sách vay
135,Dương Anh Anh,767808932,55,WARM,Bàn giao theo ca — Phản hồi trong 2 - 4 giờ,"Gửi thông tin dự án, tư vấn gói vay và đặt lịch xem nhà mẫu.","Cần mua đất nền vùng ven (Long An, Đồng Nai) để đầu tư dài hạn. Tài chính 2-3 tỷ. Yêu cầu sổ hồng riêng, không dính quy hoạch.",[+15] Ngân sách phân khúc phổ thông | [+15] Nhu cầu sản phẩm phổ biến | [+10] Yêu cầu pháp lý minh bạch/Sổ riêng
136,Ngô Phương Cường,892715115,0,COLD,Hệ thống Nurturing / Drip Marketing (Không gọi ngay),Đưa vào Blacklist hoặc nuôi dưỡng bằng Zalo OA tự động.,"Tìm nhà thuê nguyên căn giá 2 triệu ở trung tâm thành phố. Yêu cầu phi thực tế, thái độ không hợp tác khi tư vấn.",[-40] Không thiện chí/Hỏi cho vui | [-50] Yêu cầu phi thực tế/Ảo tưởng giá
137,Phan Hoàng Linh,360566670,65,WARM,Bàn giao theo ca — Phản hồi trong 2 - 4 giờ,"Gửi thông tin dự án, tư vấn gói vay và đặt lịch xem nhà mẫu.","Đang tìm thuê mặt bằng kinh doanh spa tại Quận 1, diện tích khoảng 80-100m2. Giá thuê mong muốn dưới 50 triệu/tháng. Cần ký hợp đồng dài hạn.",[+15] Ngân sách phân khúc phổ thông | [+20] Vị trí trung tâm / Đại đô thị cao cấp | [+20] Thời gian quyết định nhanh / Cấp thiết
138,Nguyễn Hoàng Tuấn,841117904,0,COLD,Hệ thống Nurturing / Drip Marketing (Không gọi ngay),Đưa vào Blacklist hoặc nuôi dưỡng bằng Zalo OA tự động.,"Spam, gọi điện đến chỉ để quảng cáo ngược lại dịch vụ bảo hiểm.",[-80] Spam/Quảng cáo dịch vụ
139,Trần Phương Cường,747900200,65,WARM,Bàn giao theo ca — Phản hồi trong 2 - 4 giờ,"Gửi thông tin dự án, tư vấn gói vay và đặt lịch xem nhà mẫu.","Tìm nhà phố liền kề khu vực nội thành, ưu tiên gần trường học và bệnh viện. Ngân sách 8-10 tỷ. Đang cân nhắc giữa 2 dự án, cần tư vấn thêm về chính sách chiết khấu.",[+25] Ngân sách tầm trung 4-10 tỷ | [+15] Nhu cầu sản phẩm phổ biến | [+12] Đang tìm hiểu / Cần tư vấn thêm | [+8] Thiện chí tương tác / Cần chính sách vay
140,Dương Đức Tuấn,978834224,73,WARM,Bàn giao theo ca — Phản hồi trong 2 - 4 giờ,"Gửi thông tin dự án, tư vấn gói vay và đặt lịch xem nhà mẫu.","Quan tâm căn hộ 2PN tại Quận 7 cho gia đình trẻ. Tài chính khoảng 4-5 tỷ, cần hỗ trợ vay ngân hàng 70%. Muốn đi xem nhà mẫu vào cuối tuần này.",[+25] Ngân sách tầm trung 4-10 tỷ | [+15] Nhu cầu sản phẩm phổ biến | [+20] Thời gian quyết định nhanh / Cấp thiết | [+8] Thiện chí tương tác / Cần chính sách vay
141,Ngô Hoàng Quân,897495430,0,COLD,Hệ thống Nurturing / Drip Marketing (Không gọi ngay),Đưa vào Blacklist hoặc nuôi dưỡng bằng Zalo OA tự động.,"Spam, gọi điện đến chỉ để quảng cáo ngược lại dịch vụ bảo hiểm.",[-80] Spam/Quảng cáo dịch vụ
142,Lê Đức Tâm,838777197,73,WARM,Bàn giao theo ca — Phản hồi trong 2 - 4 giờ,"Gửi thông tin dự án, tư vấn gói vay và đặt lịch xem nhà mẫu.","Quan tâm căn hộ 2PN tại Quận 7 cho gia đình trẻ. Tài chính khoảng 4-5 tỷ, cần hỗ trợ vay ngân hàng 70%. Muốn đi xem nhà mẫu vào cuối tuần này.",[+25] Ngân sách tầm trung 4-10 tỷ | [+15] Nhu cầu sản phẩm phổ biến | [+20] Thời gian quyết định nhanh / Cấp thiết | [+8] Thiện chí tương tác / Cần chính sách vay
143,Lê Thị Quân,738977498,65,WARM,Bàn giao theo ca — Phản hồi trong 2 - 4 giờ,"Gửi thông tin dự án, tư vấn gói vay và đặt lịch xem nhà mẫu.","Đang tìm thuê mặt bằng kinh doanh spa tại Quận 1, diện tích khoảng 80-100m2. Giá thuê mong muốn dưới 50 triệu/tháng. Cần ký hợp đồng dài hạn.",[+15] Ngân sách phân khúc phổ thông | [+20] Vị trí trung tâm / Đại đô thị cao cấp | [+20] Thời gian quyết định nhanh / Cấp thiết
144,Vũ Thị Tâm,983215333,65,WARM,Bàn giao theo ca — Phản hồi trong 2 - 4 giờ,"Gửi thông tin dự án, tư vấn gói vay và đặt lịch xem nhà mẫu.","Đang tìm thuê mặt bằng kinh doanh spa tại Quận 1, diện tích khoảng 80-100m2. Giá thuê mong muốn dưới 50 triệu/tháng. Cần ký hợp đồng dài hạn.",[+15] Ngân sách phân khúc phổ thông | [+20] Vị trí trung tâm / Đại đô thị cao cấp | [+20] Thời gian quyết định nhanh / Cấp thiết
145,Đỗ Hồng Anh,385223949,0,COLD,Hệ thống Nurturing / Drip Marketing (Không gọi ngay),Đưa vào Blacklist hoặc nuôi dưỡng bằng Zalo OA tự động.,"Tìm nhà thuê nguyên căn giá 2 triệu ở trung tâm thành phố. Yêu cầu phi thực tế, thái độ không hợp tác khi tư vấn.",[-40] Không thiện chí/Hỏi cho vui | [-50] Yêu cầu phi thực tế/Ảo tưởng giá
146,Ngô Ngọc Anh,996009285,65,WARM,Bàn giao theo ca — Phản hồi trong 2 - 4 giờ,"Gửi thông tin dự án, tư vấn gói vay và đặt lịch xem nhà mẫu.","Tìm nhà phố liền kề khu vực nội thành, ưu tiên gần trường học và bệnh viện. Ngân sách 8-10 tỷ. Đang cân nhắc giữa 2 dự án, cần tư vấn thêm về chính sách chiết khấu.",[+25] Ngân sách tầm trung 4-10 tỷ | [+15] Nhu cầu sản phẩm phổ biến | [+12] Đang tìm hiểu / Cần tư vấn thêm | [+8] Thiện chí tương tác / Cần chính sách vay
147,Nguyễn Hồng Anh,999829318,55,WARM,Bàn giao theo ca — Phản hồi trong 2 - 4 giờ,"Gửi thông tin dự án, tư vấn gói vay và đặt lịch xem nhà mẫu.","Cần mua đất nền vùng ven (Long An, Đồng Nai) để đầu tư dài hạn. Tài chính 2-3 tỷ. Yêu cầu sổ hồng riêng, không dính quy hoạch.",[+15] Ngân sách phân khúc phổ thông | [+15] Nhu cầu sản phẩm phổ biến | [+10] Yêu cầu pháp lý minh bạch/Sổ riêng
148,Trần Anh Linh,828201194,0,COLD,Hệ thống Nurturing / Drip Marketing (Không gọi ngay),Đưa vào Blacklist hoặc nuôi dưỡng bằng Zalo OA tự động.,"Số điện thoại hay bị thuê bao, gọi nhiều lần không bắt máy. Nhắn tin Zalo không phản hồi.",[-40] Không liên lạc được/Thuê bao
149,Phạm Hoàng Tâm,335880398,73,WARM,Bàn giao theo ca — Phản hồi trong 2 - 4 giờ,"Gửi thông tin dự án, tư vấn gói vay và đặt lịch xem nhà mẫu.","Quan tâm căn hộ 2PN tại Quận 7 cho gia đình trẻ. Tài chính khoảng 4-5 tỷ, cần hỗ trợ vay ngân hàng 70%. Muốn đi xem nhà mẫu vào cuối tuần này.",[+25] Ngân sách tầm trung 4-10 tỷ | [+15] Nhu cầu sản phẩm phổ biến | [+20] Thời gian quyết định nhanh / Cấp thiết | [+8] Thiện chí tương tác / Cần chính sách vay
150,Đặng Phương Mai,759710843,0,COLD,Hệ thống Nurturing / Drip Marketing (Không gọi ngay),Đưa vào Blacklist hoặc nuôi dưỡng bằng Zalo OA tự động.,"Số điện thoại hay bị thuê bao, gọi nhiều lần không bắt máy. Nhắn tin Zalo không phản hồi.",[-40] Không liên lạc được/Thuê bao
151,Hồ Hồng Tuấn,712460499,65,WARM,Bàn giao theo ca — Phản hồi trong 2 - 4 giờ,"Gửi thông tin dự án, tư vấn gói vay và đặt lịch xem nhà mẫu.","Tìm nhà phố liền kề khu vực nội thành, ưu tiên gần trường học và bệnh viện. Ngân sách 8-10 tỷ. Đang cân nhắc giữa 2 dự án, cần tư vấn thêm về chính sách chiết khấu.",[+25] Ngân sách tầm trung 4-10 tỷ | [+15] Nhu cầu sản phẩm phổ biến | [+12] Đang tìm hiểu / Cần tư vấn thêm | [+8] Thiện chí tương tác / Cần chính sách vay
152,Phan Phương Tâm,944648323,73,WARM,Bàn giao theo ca — Phản hồi trong 2 - 4 giờ,"Gửi thông tin dự án, tư vấn gói vay và đặt lịch xem nhà mẫu.","Quan tâm căn hộ 2PN tại Quận 7 cho gia đình trẻ. Tài chính khoảng 4-5 tỷ, cần hỗ trợ vay ngân hàng 70%. Muốn đi xem nhà mẫu vào cuối tuần này.",[+25] Ngân sách tầm trung 4-10 tỷ | [+15] Nhu cầu sản phẩm phổ biến | [+20] Thời gian quyết định nhanh / Cấp thiết | [+8] Thiện chí tương tác / Cần chính sách vay
153,Phan Hoàng Hùng,774237486,65,WARM,Bàn giao theo ca — Phản hồi trong 2 - 4 giờ,"Gửi thông tin dự án, tư vấn gói vay và đặt lịch xem nhà mẫu.","Đang tìm thuê mặt bằng kinh doanh spa tại Quận 1, diện tích khoảng 80-100m2. Giá thuê mong muốn dưới 50 triệu/tháng. Cần ký hợp đồng dài hạn.",[+15] Ngân sách phân khúc phổ thông | [+20] Vị trí trung tâm / Đại đô thị cao cấp | [+20] Thời gian quyết định nhanh / Cấp thiết
154,Phan Minh Hùng,817396130,65,WARM,Bàn giao theo ca — Phản hồi trong 2 - 4 giờ,"Gửi thông tin dự án, tư vấn gói vay và đặt lịch xem nhà mẫu.","Tìm nhà phố liền kề khu vực nội thành, ưu tiên gần trường học và bệnh viện. Ngân sách 8-10 tỷ. Đang cân nhắc giữa 2 dự án, cần tư vấn thêm về chính sách chiết khấu.",[+25] Ngân sách tầm trung 4-10 tỷ | [+15] Nhu cầu sản phẩm phổ biến | [+12] Đang tìm hiểu / Cần tư vấn thêm | [+8] Thiện chí tương tác / Cần chính sách vay
155,Trần Hoàng Hùng,921302239,55,WARM,Bàn giao theo ca — Phản hồi trong 2 - 4 giờ,"Gửi thông tin dự án, tư vấn gói vay và đặt lịch xem nhà mẫu.","Cần mua đất nền vùng ven (Long An, Đồng Nai) để đầu tư dài hạn. Tài chính 2-3 tỷ. Yêu cầu sổ hồng riêng, không dính quy hoạch.",[+15] Ngân sách phân khúc phổ thông | [+15] Nhu cầu sản phẩm phổ biến | [+10] Yêu cầu pháp lý minh bạch/Sổ riêng
156,Phan Văn Trang,335896642,65,WARM,Bàn giao theo ca — Phản hồi trong 2 - 4 giờ,"Gửi thông tin dự án, tư vấn gói vay và đặt lịch xem nhà mẫu.","Đang tìm thuê mặt bằng kinh doanh spa tại Quận 1, diện tích khoảng 80-100m2. Giá thuê mong muốn dưới 50 triệu/tháng. Cần ký hợp đồng dài hạn.",[+15] Ngân sách phân khúc phổ thông | [+20] Vị trí trung tâm / Đại đô thị cao cấp | [+20] Thời gian quyết định nhanh / Cấp thiết
157,Lê Đức Lan,317717510,73,WARM,Bàn giao theo ca — Phản hồi trong 2 - 4 giờ,"Gửi thông tin dự án, tư vấn gói vay và đặt lịch xem nhà mẫu.","Quan tâm căn hộ 2PN tại Quận 7 cho gia đình trẻ. Tài chính khoảng 4-5 tỷ, cần hỗ trợ vay ngân hàng 70%. Muốn đi xem nhà mẫu vào cuối tuần này.",[+25] Ngân sách tầm trung 4-10 tỷ | [+15] Nhu cầu sản phẩm phổ biến | [+20] Thời gian quyết định nhanh / Cấp thiết | [+8] Thiện chí tương tác / Cần chính sách vay
158,Nguyễn Phương Cường,332157465,80,HOT,Bàn giao ngay — Gọi lại trong vòng 5 - 15 phút,"Top Sales liên hệ trực tiếp, chuẩn bị hồ sơ dự án cao cấp.","Khách hàng tìm mua Penthouse diện tích lớn, yêu cầu có hồ bơi riêng và thang máy riêng. Ngân sách không thành vấn đề, quan trọng là đẳng cấp và sự riêng tư.",[+35] Ngân sách VIP >= 20 tỷ / Tài chính mạnh | [+25] Phân khúc siêu cao cấp / Diện tích lớn
159,Dương Hoàng Anh,917718051,0,COLD,Hệ thống Nurturing / Drip Marketing (Không gọi ngay),Đưa vào Blacklist hoặc nuôi dưỡng bằng Zalo OA tự động.,"Số điện thoại hay bị thuê bao, gọi nhiều lần không bắt máy. Nhắn tin Zalo không phản hồi.",[-40] Không liên lạc được/Thuê bao
160,Bùi Phương Hoa,866761795,65,WARM,Bàn giao theo ca — Phản hồi trong 2 - 4 giờ,"Gửi thông tin dự án, tư vấn gói vay và đặt lịch xem nhà mẫu.","Đang tìm thuê mặt bằng kinh doanh spa tại Quận 1, diện tích khoảng 80-100m2. Giá thuê mong muốn dưới 50 triệu/tháng. Cần ký hợp đồng dài hạn.",[+15] Ngân sách phân khúc phổ thông | [+20] Vị trí trung tâm / Đại đô thị cao cấp | [+20] Thời gian quyết định nhanh / Cấp thiết
161,Lê Hồng Dũng,828031952,55,WARM,Bàn giao theo ca — Phản hồi trong 2 - 4 giờ,"Gửi thông tin dự án, tư vấn gói vay và đặt lịch xem nhà mẫu.","Cần mua đất nền vùng ven (Long An, Đồng Nai) để đầu tư dài hạn. Tài chính 2-3 tỷ. Yêu cầu sổ hồng riêng, không dính quy hoạch.",[+15] Ngân sách phân khúc phổ thông | [+15] Nhu cầu sản phẩm phổ biến | [+10] Yêu cầu pháp lý minh bạch/Sổ riêng
162,Lê Đức Nam,781585223,80,HOT,Bàn giao ngay — Gọi lại trong vòng 5 - 15 phút,"Top Sales liên hệ trực tiếp, chuẩn bị hồ sơ dự án cao cấp.","Khách hàng VIP, quan tâm biệt thự đơn lập phân khu cao cấp nhất. Ngân sách trên 30 tỷ, thanh toán thẳng. Yêu cầu vị trí ven sông, hướng Đông Nam. Đã từng mua nhiều dự án của tập đoàn.",[+35] Ngân sách VIP >= 20 tỷ / Tài chính mạnh | [+25] Phân khúc siêu cao cấp / Diện tích lớn
163,Nguyễn Đức Lan,830683716,90,HOT,Bàn giao ngay — Gọi lại trong vòng 5 - 15 phút,"Top Sales liên hệ trực tiếp, chuẩn bị hồ sơ dự án cao cấp.","Chủ doanh nghiệp lớn, cần tìm quỹ đất công nghiệp hoặc sàn văn phòng diện tích trên 2000m2 tại khu Đông. Tài chính cực mạnh, yêu cầu pháp lý chuẩn 100%.",[+35] Ngân sách VIP >= 20 tỷ / Tài chính mạnh | [+25] Phân khúc siêu cao cấp / Diện tích lớn | [+15] Chân dung VIP (Chủ DN / Mua sỉ)
164,Lê Đức Tuấn,919058941,55,WARM,Bàn giao theo ca — Phản hồi trong 2 - 4 giờ,"Gửi thông tin dự án, tư vấn gói vay và đặt lịch xem nhà mẫu.","Cần mua đất nền vùng ven (Long An, Đồng Nai) để đầu tư dài hạn. Tài chính 2-3 tỷ. Yêu cầu sổ hồng riêng, không dính quy hoạch.",[+15] Ngân sách phân khúc phổ thông | [+15] Nhu cầu sản phẩm phổ biến | [+10] Yêu cầu pháp lý minh bạch/Sổ riêng
165,Dương Anh Tâm,726798824,65,WARM,Bàn giao theo ca — Phản hồi trong 2 - 4 giờ,"Gửi thông tin dự án, tư vấn gói vay và đặt lịch xem nhà mẫu.","Tìm nhà phố liền kề khu vực nội thành, ưu tiên gần trường học và bệnh viện. Ngân sách 8-10 tỷ. Đang cân nhắc giữa 2 dự án, cần tư vấn thêm về chính sách chiết khấu.",[+25] Ngân sách tầm trung 4-10 tỷ | [+15] Nhu cầu sản phẩm phổ biến | [+12] Đang tìm hiểu / Cần tư vấn thêm | [+8] Thiện chí tương tác / Cần chính sách vay
166,Bùi Hoàng Tuấn,727155477,0,COLD,Hệ thống Nurturing / Drip Marketing (Không gọi ngay),Đưa vào Blacklist hoặc nuôi dưỡng bằng Zalo OA tự động.,"Số điện thoại hay bị thuê bao, gọi nhiều lần không bắt máy. Nhắn tin Zalo không phản hồi.",[-40] Không liên lạc được/Thuê bao
167,Phan Hoàng Dũng,316471741,0,COLD,Hệ thống Nurturing / Drip Marketing (Không gọi ngay),Đưa vào Blacklist hoặc nuôi dưỡng bằng Zalo OA tự động.,"Hỏi giá cho vui, chưa có ý định mua trong năm nay. Ngân sách rất thấp so với mặt bằng chung (đòi mua nhà Q1 giá 1 tỷ).",[-40] Không thiện chí/Hỏi cho vui | [-50] Yêu cầu phi thực tế/Ảo tưởng giá
168,Ngô Đức Anh,751658497,0,COLD,Hệ thống Nurturing / Drip Marketing (Không gọi ngay),Đưa vào Blacklist hoặc nuôi dưỡng bằng Zalo OA tự động.,"Spam, gọi điện đến chỉ để quảng cáo ngược lại dịch vụ bảo hiểm.",[-80] Spam/Quảng cáo dịch vụ
169,Phan Minh Nam,897015235,80,HOT,Bàn giao ngay — Gọi lại trong vòng 5 - 15 phút,"Top Sales liên hệ trực tiếp, chuẩn bị hồ sơ dự án cao cấp.","Khách hàng tìm mua Penthouse diện tích lớn, yêu cầu có hồ bơi riêng và thang máy riêng. Ngân sách không thành vấn đề, quan trọng là đẳng cấp và sự riêng tư.",[+35] Ngân sách VIP >= 20 tỷ / Tài chính mạnh | [+25] Phân khúc siêu cao cấp / Diện tích lớn
170,Phan Minh Dũng,733044620,55,WARM,Bàn giao theo ca — Phản hồi trong 2 - 4 giờ,"Gửi thông tin dự án, tư vấn gói vay và đặt lịch xem nhà mẫu.","Cần mua đất nền vùng ven (Long An, Đồng Nai) để đầu tư dài hạn. Tài chính 2-3 tỷ. Yêu cầu sổ hồng riêng, không dính quy hoạch.",[+15] Ngân sách phân khúc phổ thông | [+15] Nhu cầu sản phẩm phổ biến | [+10] Yêu cầu pháp lý minh bạch/Sổ riêng
171,Ngô Hồng Mai,761407656,0,COLD,Hệ thống Nurturing / Drip Marketing (Không gọi ngay),Đưa vào Blacklist hoặc nuôi dưỡng bằng Zalo OA tự động.,"Số điện thoại hay bị thuê bao, gọi nhiều lần không bắt máy. Nhắn tin Zalo không phản hồi.",[-40] Không liên lạc được/Thuê bao
172,Trần Văn Linh,763727013,0,COLD,Hệ thống Nurturing / Drip Marketing (Không gọi ngay),Đưa vào Blacklist hoặc nuôi dưỡng bằng Zalo OA tự động.,"Hỏi giá cho vui, chưa có ý định mua trong năm nay. Ngân sách rất thấp so với mặt bằng chung (đòi mua nhà Q1 giá 1 tỷ).",[-40] Không thiện chí/Hỏi cho vui | [-50] Yêu cầu phi thực tế/Ảo tưởng giá
173,Nguyễn Ngọc Tâm,763588119,65,WARM,Bàn giao theo ca — Phản hồi trong 2 - 4 giờ,"Gửi thông tin dự án, tư vấn gói vay và đặt lịch xem nhà mẫu.","Tìm nhà phố liền kề khu vực nội thành, ưu tiên gần trường học và bệnh viện. Ngân sách 8-10 tỷ. Đang cân nhắc giữa 2 dự án, cần tư vấn thêm về chính sách chiết khấu.",[+25] Ngân sách tầm trung 4-10 tỷ | [+15] Nhu cầu sản phẩm phổ biến | [+12] Đang tìm hiểu / Cần tư vấn thêm | [+8] Thiện chí tương tác / Cần chính sách vay
174,Đặng Thị Nam,393564888,65,WARM,Bàn giao theo ca — Phản hồi trong 2 - 4 giờ,"Gửi thông tin dự án, tư vấn gói vay và đặt lịch xem nhà mẫu.","Đang tìm thuê mặt bằng kinh doanh spa tại Quận 1, diện tích khoảng 80-100m2. Giá thuê mong muốn dưới 50 triệu/tháng. Cần ký hợp đồng dài hạn.",[+15] Ngân sách phân khúc phổ thông | [+20] Vị trí trung tâm / Đại đô thị cao cấp | [+20] Thời gian quyết định nhanh / Cấp thiết
175,Dương Phương Linh,961601646,73,WARM,Bàn giao theo ca — Phản hồi trong 2 - 4 giờ,"Gửi thông tin dự án, tư vấn gói vay và đặt lịch xem nhà mẫu.","Quan tâm căn hộ 2PN tại Quận 7 cho gia đình trẻ. Tài chính khoảng 4-5 tỷ, cần hỗ trợ vay ngân hàng 70%. Muốn đi xem nhà mẫu vào cuối tuần này.",[+25] Ngân sách tầm trung 4-10 tỷ | [+15] Nhu cầu sản phẩm phổ biến | [+20] Thời gian quyết định nhanh / Cấp thiết | [+8] Thiện chí tương tác / Cần chính sách vay
176,Lê Hoàng Cường,973417555,55,WARM,Bàn giao theo ca — Phản hồi trong 2 - 4 giờ,"Gửi thông tin dự án, tư vấn gói vay và đặt lịch xem nhà mẫu.","Cần mua đất nền vùng ven (Long An, Đồng Nai) để đầu tư dài hạn. Tài chính 2-3 tỷ. Yêu cầu sổ hồng riêng, không dính quy hoạch.",[+15] Ngân sách phân khúc phổ thông | [+15] Nhu cầu sản phẩm phổ biến | [+10] Yêu cầu pháp lý minh bạch/Sổ riêng
177,Bùi Thị Mai,818378338,65,WARM,Bàn giao theo ca — Phản hồi trong 2 - 4 giờ,"Gửi thông tin dự án, tư vấn gói vay và đặt lịch xem nhà mẫu.","Tìm nhà phố liền kề khu vực nội thành, ưu tiên gần trường học và bệnh viện. Ngân sách 8-10 tỷ. Đang cân nhắc giữa 2 dự án, cần tư vấn thêm về chính sách chiết khấu.",[+25] Ngân sách tầm trung 4-10 tỷ | [+15] Nhu cầu sản phẩm phổ biến | [+12] Đang tìm hiểu / Cần tư vấn thêm | [+8] Thiện chí tương tác / Cần chính sách vay
178,Lý Phương Hùng,783043658,0,COLD,Hệ thống Nurturing / Drip Marketing (Không gọi ngay),Đưa vào Blacklist hoặc nuôi dưỡng bằng Zalo OA tự động.,"Spam, gọi điện đến chỉ để quảng cáo ngược lại dịch vụ bảo hiểm.",[-80] Spam/Quảng cáo dịch vụ
179,Ngô Ngọc Cường,999094386,65,WARM,Bàn giao theo ca — Phản hồi trong 2 - 4 giờ,"Gửi thông tin dự án, tư vấn gói vay và đặt lịch xem nhà mẫu.","Đang tìm thuê mặt bằng kinh doanh spa tại Quận 1, diện tích khoảng 80-100m2. Giá thuê mong muốn dưới 50 triệu/tháng. Cần ký hợp đồng dài hạn.",[+15] Ngân sách phân khúc phổ thông | [+20] Vị trí trung tâm / Đại đô thị cao cấp | [+20] Thời gian quyết định nhanh / Cấp thiết
180,Phan Đức Hùng,797897022,73,WARM,Bàn giao theo ca — Phản hồi trong 2 - 4 giờ,"Gửi thông tin dự án, tư vấn gói vay và đặt lịch xem nhà mẫu.","Quan tâm căn hộ 2PN tại Quận 7 cho gia đình trẻ. Tài chính khoảng 4-5 tỷ, cần hỗ trợ vay ngân hàng 70%. Muốn đi xem nhà mẫu vào cuối tuần này.",[+25] Ngân sách tầm trung 4-10 tỷ | [+15] Nhu cầu sản phẩm phổ biến | [+20] Thời gian quyết định nhanh / Cấp thiết | [+8] Thiện chí tương tác / Cần chính sách vay
181,Bùi Ngọc Mai,747421353,0,COLD,Hệ thống Nurturing / Drip Marketing (Không gọi ngay),Đưa vào Blacklist hoặc nuôi dưỡng bằng Zalo OA tự động.,"Tìm nhà thuê nguyên căn giá 2 triệu ở trung tâm thành phố. Yêu cầu phi thực tế, thái độ không hợp tác khi tư vấn.",[-40] Không thiện chí/Hỏi cho vui | [-50] Yêu cầu phi thực tế/Ảo tưởng giá
182,Phạm Anh Nam,876428882,65,WARM,Bàn giao theo ca — Phản hồi trong 2 - 4 giờ,"Gửi thông tin dự án, tư vấn gói vay và đặt lịch xem nhà mẫu.","Tìm nhà phố liền kề khu vực nội thành, ưu tiên gần trường học và bệnh viện. Ngân sách 8-10 tỷ. Đang cân nhắc giữa 2 dự án, cần tư vấn thêm về chính sách chiết khấu.",[+25] Ngân sách tầm trung 4-10 tỷ | [+15] Nhu cầu sản phẩm phổ biến | [+12] Đang tìm hiểu / Cần tư vấn thêm | [+8] Thiện chí tương tác / Cần chính sách vay
183,Phan Ngọc Lan,970938970,65,WARM,Bàn giao theo ca — Phản hồi trong 2 - 4 giờ,"Gửi thông tin dự án, tư vấn gói vay và đặt lịch xem nhà mẫu.","Tìm nhà phố liền kề khu vực nội thành, ưu tiên gần trường học và bệnh viện. Ngân sách 8-10 tỷ. Đang cân nhắc giữa 2 dự án, cần tư vấn thêm về chính sách chiết khấu.",[+25] Ngân sách tầm trung 4-10 tỷ | [+15] Nhu cầu sản phẩm phổ biến | [+12] Đang tìm hiểu / Cần tư vấn thêm | [+8] Thiện chí tương tác / Cần chính sách vay
184,Trần Hoàng Mai,875991848,90,HOT,Bàn giao ngay — Gọi lại trong vòng 5 - 15 phút,"Top Sales liên hệ trực tiếp, chuẩn bị hồ sơ dự án cao cấp.","Chủ doanh nghiệp lớn, cần tìm quỹ đất công nghiệp hoặc sàn văn phòng diện tích trên 2000m2 tại khu Đông. Tài chính cực mạnh, yêu cầu pháp lý chuẩn 100%.",[+35] Ngân sách VIP >= 20 tỷ / Tài chính mạnh | [+25] Phân khúc siêu cao cấp / Diện tích lớn | [+15] Chân dung VIP (Chủ DN / Mua sỉ)
185,Lê Phương Mai,311258319,65,WARM,Bàn giao theo ca — Phản hồi trong 2 - 4 giờ,"Gửi thông tin dự án, tư vấn gói vay và đặt lịch xem nhà mẫu.","Tìm nhà phố liền kề khu vực nội thành, ưu tiên gần trường học và bệnh viện. Ngân sách 8-10 tỷ. Đang cân nhắc giữa 2 dự án, cần tư vấn thêm về chính sách chiết khấu.",[+25] Ngân sách tầm trung 4-10 tỷ | [+15] Nhu cầu sản phẩm phổ biến | [+12] Đang tìm hiểu / Cần tư vấn thêm | [+8] Thiện chí tương tác / Cần chính sách vay
186,Hồ Phương Lan,734806313,73,WARM,Bàn giao theo ca — Phản hồi trong 2 - 4 giờ,"Gửi thông tin dự án, tư vấn gói vay và đặt lịch xem nhà mẫu.","Quan tâm căn hộ 2PN tại Quận 7 cho gia đình trẻ. Tài chính khoảng 4-5 tỷ, cần hỗ trợ vay ngân hàng 70%. Muốn đi xem nhà mẫu vào cuối tuần này.",[+25] Ngân sách tầm trung 4-10 tỷ | [+15] Nhu cầu sản phẩm phổ biến | [+20] Thời gian quyết định nhanh / Cấp thiết | [+8] Thiện chí tương tác / Cần chính sách vay
187,Dương Phương Hùng,743335749,0,COLD,Hệ thống Nurturing / Drip Marketing (Không gọi ngay),Đưa vào Blacklist hoặc nuôi dưỡng bằng Zalo OA tự động.,"Tìm nhà thuê nguyên căn giá 2 triệu ở trung tâm thành phố. Yêu cầu phi thực tế, thái độ không hợp tác khi tư vấn.",[-40] Không thiện chí/Hỏi cho vui | [-50] Yêu cầu phi thực tế/Ảo tưởng giá
188,Ngô Minh Lan,326583410,65,WARM,Bàn giao theo ca — Phản hồi trong 2 - 4 giờ,"Gửi thông tin dự án, tư vấn gói vay và đặt lịch xem nhà mẫu.","Tìm nhà phố liền kề khu vực nội thành, ưu tiên gần trường học và bệnh viện. Ngân sách 8-10 tỷ. Đang cân nhắc giữa 2 dự án, cần tư vấn thêm về chính sách chiết khấu.",[+25] Ngân sách tầm trung 4-10 tỷ | [+15] Nhu cầu sản phẩm phổ biến | [+12] Đang tìm hiểu / Cần tư vấn thêm | [+8] Thiện chí tương tác / Cần chính sách vay
189,Phạm Đức Anh,877263628,0,COLD,Hệ thống Nurturing / Drip Marketing (Không gọi ngay),Đưa vào Blacklist hoặc nuôi dưỡng bằng Zalo OA tự động.,"Spam, gọi điện đến chỉ để quảng cáo ngược lại dịch vụ bảo hiểm.",[-80] Spam/Quảng cáo dịch vụ
190,Lý Văn Tâm,328608233,73,WARM,Bàn giao theo ca — Phản hồi trong 2 - 4 giờ,"Gửi thông tin dự án, tư vấn gói vay và đặt lịch xem nhà mẫu.","Quan tâm căn hộ 2PN tại Quận 7 cho gia đình trẻ. Tài chính khoảng 4-5 tỷ, cần hỗ trợ vay ngân hàng 70%. Muốn đi xem nhà mẫu vào cuối tuần này.",[+25] Ngân sách tầm trung 4-10 tỷ | [+15] Nhu cầu sản phẩm phổ biến | [+20] Thời gian quyết định nhanh / Cấp thiết | [+8] Thiện chí tương tác / Cần chính sách vay
191,Hồ Bảo Trang,910302088,0,COLD,Hệ thống Nurturing / Drip Marketing (Không gọi ngay),Đưa vào Blacklist hoặc nuôi dưỡng bằng Zalo OA tự động.,"Số điện thoại hay bị thuê bao, gọi nhiều lần không bắt máy. Nhắn tin Zalo không phản hồi.",[-40] Không liên lạc được/Thuê bao
192,Bùi Anh Nam,367065587,65,WARM,Bàn giao theo ca — Phản hồi trong 2 - 4 giờ,"Gửi thông tin dự án, tư vấn gói vay và đặt lịch xem nhà mẫu.","Tìm nhà phố liền kề khu vực nội thành, ưu tiên gần trường học và bệnh viện. Ngân sách 8-10 tỷ. Đang cân nhắc giữa 2 dự án, cần tư vấn thêm về chính sách chiết khấu.",[+25] Ngân sách tầm trung 4-10 tỷ | [+15] Nhu cầu sản phẩm phổ biến | [+12] Đang tìm hiểu / Cần tư vấn thêm | [+8] Thiện chí tương tác / Cần chính sách vay
193,Trần Minh Hoa,958951060,73,WARM,Bàn giao theo ca — Phản hồi trong 2 - 4 giờ,"Gửi thông tin dự án, tư vấn gói vay và đặt lịch xem nhà mẫu.","Quan tâm căn hộ 2PN tại Quận 7 cho gia đình trẻ. Tài chính khoảng 4-5 tỷ, cần hỗ trợ vay ngân hàng 70%. Muốn đi xem nhà mẫu vào cuối tuần này.",[+25] Ngân sách tầm trung 4-10 tỷ | [+15] Nhu cầu sản phẩm phổ biến | [+20] Thời gian quyết định nhanh / Cấp thiết | [+8] Thiện chí tương tác / Cần chính sách vay
194,Bùi Phương Anh,892663144,65,WARM,Bàn giao theo ca — Phản hồi trong 2 - 4 giờ,"Gửi thông tin dự án, tư vấn gói vay và đặt lịch xem nhà mẫu.","Đang tìm thuê mặt bằng kinh doanh spa tại Quận 1, diện tích khoảng 80-100m2. Giá thuê mong muốn dưới 50 triệu/tháng. Cần ký hợp đồng dài hạn.",[+15] Ngân sách phân khúc phổ thông | [+20] Vị trí trung tâm / Đại đô thị cao cấp | [+20] Thời gian quyết định nhanh / Cấp thiết
195,Lý Văn Mai,740859064,0,COLD,Hệ thống Nurturing / Drip Marketing (Không gọi ngay),Đưa vào Blacklist hoặc nuôi dưỡng bằng Zalo OA tự động.,"Spam, gọi điện đến chỉ để quảng cáo ngược lại dịch vụ bảo hiểm.",[-80] Spam/Quảng cáo dịch vụ
196,Phạm Phương Tuấn,953559078,73,WARM,Bàn giao theo ca — Phản hồi trong 2 - 4 giờ,"Gửi thông tin dự án, tư vấn gói vay và đặt lịch xem nhà mẫu.","Quan tâm căn hộ 2PN tại Quận 7 cho gia đình trẻ. Tài chính khoảng 4-5 tỷ, cần hỗ trợ vay ngân hàng 70%. Muốn đi xem nhà mẫu vào cuối tuần này.",[+25] Ngân sách tầm trung 4-10 tỷ | [+15] Nhu cầu sản phẩm phổ biến | [+20] Thời gian quyết định nhanh / Cấp thiết | [+8] Thiện chí tương tác / Cần chính sách vay
197,Phạm Ngọc Hùng,733219530,0,COLD,Hệ thống Nurturing / Drip Marketing (Không gọi ngay),Đưa vào Blacklist hoặc nuôi dưỡng bằng Zalo OA tự động.,"Hỏi giá cho vui, chưa có ý định mua trong năm nay. Ngân sách rất thấp so với mặt bằng chung (đòi mua nhà Q1 giá 1 tỷ).",[-40] Không thiện chí/Hỏi cho vui | [-50] Yêu cầu phi thực tế/Ảo tưởng giá
198,Lê Ngọc Anh,793087588,0,COLD,Hệ thống Nurturing / Drip Marketing (Không gọi ngay),Đưa vào Blacklist hoặc nuôi dưỡng bằng Zalo OA tự động.,"Số điện thoại hay bị thuê bao, gọi nhiều lần không bắt máy. Nhắn tin Zalo không phản hồi.",[-40] Không liên lạc được/Thuê bao
199,Vũ Phương Hùng,936930599,0,COLD,Hệ thống Nurturing / Drip Marketing (Không gọi ngay),Đưa vào Blacklist hoặc nuôi dưỡng bằng Zalo OA tự động.,"Tìm nhà thuê nguyên căn giá 2 triệu ở trung tâm thành phố. Yêu cầu phi thực tế, thái độ không hợp tác khi tư vấn.",[-40] Không thiện chí/Hỏi cho vui | [-50] Yêu cầu phi thực tế/Ảo tưởng giá
200,Đỗ Hoàng Dũng,994057142,55,WARM,Bàn giao theo ca — Phản hồi trong 2 - 4 giờ,"Gửi thông tin dự án, tư vấn gói vay và đặt lịch xem nhà mẫu.","Cần mua đất nền vùng ven (Long An, Đồng Nai) để đầu tư dài hạn. Tài chính 2-3 tỷ. Yêu cầu sổ hồng riêng, không dính quy hoạch.",[+15] Ngân sách phân khúc phổ thông | [+15] Nhu cầu sản phẩm phổ biến | [+10] Yêu cầu pháp lý minh bạch/Sổ riêng
201,Đặng Hoàng Mai,910347825,65,WARM,Bàn giao theo ca — Phản hồi trong 2 - 4 giờ,"Gửi thông tin dự án, tư vấn gói vay và đặt lịch xem nhà mẫu.","Tìm nhà phố liền kề khu vực nội thành, ưu tiên gần trường học và bệnh viện. Ngân sách 8-10 tỷ. Đang cân nhắc giữa 2 dự án, cần tư vấn thêm về chính sách chiết khấu.",[+25] Ngân sách tầm trung 4-10 tỷ | [+15] Nhu cầu sản phẩm phổ biến | [+12] Đang tìm hiểu / Cần tư vấn thêm | [+8] Thiện chí tương tác / Cần chính sách vay
202,Đặng Anh Cường,372034835,0,COLD,Hệ thống Nurturing / Drip Marketing (Không gọi ngay),Đưa vào Blacklist hoặc nuôi dưỡng bằng Zalo OA tự động.,"Tìm nhà thuê nguyên căn giá 2 triệu ở trung tâm thành phố. Yêu cầu phi thực tế, thái độ không hợp tác khi tư vấn.",[-40] Không thiện chí/Hỏi cho vui | [-50] Yêu cầu phi thực tế/Ảo tưởng giá
203,Bùi Thị Sơn,849490465,0,COLD,Hệ thống Nurturing / Drip Marketing (Không gọi ngay),Đưa vào Blacklist hoặc nuôi dưỡng bằng Zalo OA tự động.,"Hỏi giá cho vui, chưa có ý định mua trong năm nay. Ngân sách rất thấp so với mặt bằng chung (đòi mua nhà Q1 giá 1 tỷ).",[-40] Không thiện chí/Hỏi cho vui | [-50] Yêu cầu phi thực tế/Ảo tưởng giá
204,Phạm Anh Lan,351305304,0,COLD,Hệ thống Nurturing / Drip Marketing (Không gọi ngay),Đưa vào Blacklist hoặc nuôi dưỡng bằng Zalo OA tự động.,"Spam, gọi điện đến chỉ để quảng cáo ngược lại dịch vụ bảo hiểm.",[-80] Spam/Quảng cáo dịch vụ
205,Vũ Minh Quân,981101781,65,WARM,Bàn giao theo ca — Phản hồi trong 2 - 4 giờ,"Gửi thông tin dự án, tư vấn gói vay và đặt lịch xem nhà mẫu.","Đang tìm thuê mặt bằng kinh doanh spa tại Quận 1, diện tích khoảng 80-100m2. Giá thuê mong muốn dưới 50 triệu/tháng. Cần ký hợp đồng dài hạn.",[+15] Ngân sách phân khúc phổ thông | [+20] Vị trí trung tâm / Đại đô thị cao cấp | [+20] Thời gian quyết định nhanh / Cấp thiết
206,Phạm Văn Tuấn,821231001,65,WARM,Bàn giao theo ca — Phản hồi trong 2 - 4 giờ,"Gửi thông tin dự án, tư vấn gói vay và đặt lịch xem nhà mẫu.","Tìm nhà phố liền kề khu vực nội thành, ưu tiên gần trường học và bệnh viện. Ngân sách 8-10 tỷ. Đang cân nhắc giữa 2 dự án, cần tư vấn thêm về chính sách chiết khấu.",[+25] Ngân sách tầm trung 4-10 tỷ | [+15] Nhu cầu sản phẩm phổ biến | [+12] Đang tìm hiểu / Cần tư vấn thêm | [+8] Thiện chí tương tác / Cần chính sách vay
207,Đặng Phương Anh,843409931,65,WARM,Bàn giao theo ca — Phản hồi trong 2 - 4 giờ,"Gửi thông tin dự án, tư vấn gói vay và đặt lịch xem nhà mẫu.","Đang tìm thuê mặt bằng kinh doanh spa tại Quận 1, diện tích khoảng 80-100m2. Giá thuê mong muốn dưới 50 triệu/tháng. Cần ký hợp đồng dài hạn.",[+15] Ngân sách phân khúc phổ thông | [+20] Vị trí trung tâm / Đại đô thị cao cấp | [+20] Thời gian quyết định nhanh / Cấp thiết
208,Lê Hoàng Tuấn,910592267,55,WARM,Bàn giao theo ca — Phản hồi trong 2 - 4 giờ,"Gửi thông tin dự án, tư vấn gói vay và đặt lịch xem nhà mẫu.","Cần mua đất nền vùng ven (Long An, Đồng Nai) để đầu tư dài hạn. Tài chính 2-3 tỷ. Yêu cầu sổ hồng riêng, không dính quy hoạch.",[+15] Ngân sách phân khúc phổ thông | [+15] Nhu cầu sản phẩm phổ biến | [+10] Yêu cầu pháp lý minh bạch/Sổ riêng
209,Đặng Ngọc Tuấn,759640431,65,WARM,Bàn giao theo ca — Phản hồi trong 2 - 4 giờ,"Gửi thông tin dự án, tư vấn gói vay và đặt lịch xem nhà mẫu.","Đang tìm thuê mặt bằng kinh doanh spa tại Quận 1, diện tích khoảng 80-100m2. Giá thuê mong muốn dưới 50 triệu/tháng. Cần ký hợp đồng dài hạn.",[+15] Ngân sách phân khúc phổ thông | [+20] Vị trí trung tâm / Đại đô thị cao cấp | [+20] Thời gian quyết định nhanh / Cấp thiết
210,Đỗ Hoàng Dũng,713928490,65,WARM,Bàn giao theo ca — Phản hồi trong 2 - 4 giờ,"Gửi thông tin dự án, tư vấn gói vay và đặt lịch xem nhà mẫu.","Đang tìm thuê mặt bằng kinh doanh spa tại Quận 1, diện tích khoảng 80-100m2. Giá thuê mong muốn dưới 50 triệu/tháng. Cần ký hợp đồng dài hạn.",[+15] Ngân sách phân khúc phổ thông | [+20] Vị trí trung tâm / Đại đô thị cao cấp | [+20] Thời gian quyết định nhanh / Cấp thiết
211,Bùi Phương Quân,811454947,65,WARM,Bàn giao theo ca — Phản hồi trong 2 - 4 giờ,"Gửi thông tin dự án, tư vấn gói vay và đặt lịch xem nhà mẫu.","Đang tìm thuê mặt bằng kinh doanh spa tại Quận 1, diện tích khoảng 80-100m2. Giá thuê mong muốn dưới 50 triệu/tháng. Cần ký hợp đồng dài hạn.",[+15] Ngân sách phân khúc phổ thông | [+20] Vị trí trung tâm / Đại đô thị cao cấp | [+20] Thời gian quyết định nhanh / Cấp thiết
212,Đỗ Bảo Sơn,365533252,65,WARM,Bàn giao theo ca — Phản hồi trong 2 - 4 giờ,"Gửi thông tin dự án, tư vấn gói vay và đặt lịch xem nhà mẫu.","Tìm nhà phố liền kề khu vực nội thành, ưu tiên gần trường học và bệnh viện. Ngân sách 8-10 tỷ. Đang cân nhắc giữa 2 dự án, cần tư vấn thêm về chính sách chiết khấu.",[+25] Ngân sách tầm trung 4-10 tỷ | [+15] Nhu cầu sản phẩm phổ biến | [+12] Đang tìm hiểu / Cần tư vấn thêm | [+8] Thiện chí tương tác / Cần chính sách vay
213,Hồ Minh Tuấn,361497531,0,COLD,Hệ thống Nurturing / Drip Marketing (Không gọi ngay),Đưa vào Blacklist hoặc nuôi dưỡng bằng Zalo OA tự động.,"Số điện thoại hay bị thuê bao, gọi nhiều lần không bắt máy. Nhắn tin Zalo không phản hồi.",[-40] Không liên lạc được/Thuê bao
214,Đỗ Ngọc Trang,846103153,0,COLD,Hệ thống Nurturing / Drip Marketing (Không gọi ngay),Đưa vào Blacklist hoặc nuôi dưỡng bằng Zalo OA tự động.,"Hỏi giá cho vui, chưa có ý định mua trong năm nay. Ngân sách rất thấp so với mặt bằng chung (đòi mua nhà Q1 giá 1 tỷ).",[-40] Không thiện chí/Hỏi cho vui | [-50] Yêu cầu phi thực tế/Ảo tưởng giá
215,Đặng Anh Hùng,857264314,65,WARM,Bàn giao theo ca — Phản hồi trong 2 - 4 giờ,"Gửi thông tin dự án, tư vấn gói vay và đặt lịch xem nhà mẫu.","Tìm nhà phố liền kề khu vực nội thành, ưu tiên gần trường học và bệnh viện. Ngân sách 8-10 tỷ. Đang cân nhắc giữa 2 dự án, cần tư vấn thêm về chính sách chiết khấu.",[+25] Ngân sách tầm trung 4-10 tỷ | [+15] Nhu cầu sản phẩm phổ biến | [+12] Đang tìm hiểu / Cần tư vấn thêm | [+8] Thiện chí tương tác / Cần chính sách vay
216,Nguyễn Hồng Anh,956505209,65,WARM,Bàn giao theo ca — Phản hồi trong 2 - 4 giờ,"Gửi thông tin dự án, tư vấn gói vay và đặt lịch xem nhà mẫu.","Đang tìm thuê mặt bằng kinh doanh spa tại Quận 1, diện tích khoảng 80-100m2. Giá thuê mong muốn dưới 50 triệu/tháng. Cần ký hợp đồng dài hạn.",[+15] Ngân sách phân khúc phổ thông | [+20] Vị trí trung tâm / Đại đô thị cao cấp | [+20] Thời gian quyết định nhanh / Cấp thiết
217,Đặng Bảo Hùng,345024161,0,COLD,Hệ thống Nurturing / Drip Marketing (Không gọi ngay),Đưa vào Blacklist hoặc nuôi dưỡng bằng Zalo OA tự động.,"Tìm nhà thuê nguyên căn giá 2 triệu ở trung tâm thành phố. Yêu cầu phi thực tế, thái độ không hợp tác khi tư vấn.",[-40] Không thiện chí/Hỏi cho vui | [-50] Yêu cầu phi thực tế/Ảo tưởng giá
218,Nguyễn Anh Mai,391907368,0,COLD,Hệ thống Nurturing / Drip Marketing (Không gọi ngay),Đưa vào Blacklist hoặc nuôi dưỡng bằng Zalo OA tự động.,"Hỏi giá cho vui, chưa có ý định mua trong năm nay. Ngân sách rất thấp so với mặt bằng chung (đòi mua nhà Q1 giá 1 tỷ).",[-40] Không thiện chí/Hỏi cho vui | [-50] Yêu cầu phi thực tế/Ảo tưởng giá
219,Phạm Hoàng Nam,913164981,65,WARM,Bàn giao theo ca — Phản hồi trong 2 - 4 giờ,"Gửi thông tin dự án, tư vấn gói vay và đặt lịch xem nhà mẫu.","Tìm nhà phố liền kề khu vực nội thành, ưu tiên gần trường học và bệnh viện. Ngân sách 8-10 tỷ. Đang cân nhắc giữa 2 dự án, cần tư vấn thêm về chính sách chiết khấu.",[+25] Ngân sách tầm trung 4-10 tỷ | [+15] Nhu cầu sản phẩm phổ biến | [+12] Đang tìm hiểu / Cần tư vấn thêm | [+8] Thiện chí tương tác / Cần chính sách vay
220,Phạm Đức Trang,821465676,0,COLD,Hệ thống Nurturing / Drip Marketing (Không gọi ngay),Đưa vào Blacklist hoặc nuôi dưỡng bằng Zalo OA tự động.,"Tìm nhà thuê nguyên căn giá 2 triệu ở trung tâm thành phố. Yêu cầu phi thực tế, thái độ không hợp tác khi tư vấn.",[-40] Không thiện chí/Hỏi cho vui | [-50] Yêu cầu phi thực tế/Ảo tưởng giá
221,Phan Minh Nam,953000470,65,WARM,Bàn giao theo ca — Phản hồi trong 2 - 4 giờ,"Gửi thông tin dự án, tư vấn gói vay và đặt lịch xem nhà mẫu.","Đang tìm thuê mặt bằng kinh doanh spa tại Quận 1, diện tích khoảng 80-100m2. Giá thuê mong muốn dưới 50 triệu/tháng. Cần ký hợp đồng dài hạn.",[+15] Ngân sách phân khúc phổ thông | [+20] Vị trí trung tâm / Đại đô thị cao cấp | [+20] Thời gian quyết định nhanh / Cấp thiết
222,Nguyễn Đức Trang,772323488,0,COLD,Hệ thống Nurturing / Drip Marketing (Không gọi ngay),Đưa vào Blacklist hoặc nuôi dưỡng bằng Zalo OA tự động.,"Số điện thoại hay bị thuê bao, gọi nhiều lần không bắt máy. Nhắn tin Zalo không phản hồi.",[-40] Không liên lạc được/Thuê bao
223,Hồ Hồng Nam,986190454,65,WARM,Bàn giao theo ca — Phản hồi trong 2 - 4 giờ,"Gửi thông tin dự án, tư vấn gói vay và đặt lịch xem nhà mẫu.","Tìm nhà phố liền kề khu vực nội thành, ưu tiên gần trường học và bệnh viện. Ngân sách 8-10 tỷ. Đang cân nhắc giữa 2 dự án, cần tư vấn thêm về chính sách chiết khấu.",[+25] Ngân sách tầm trung 4-10 tỷ | [+15] Nhu cầu sản phẩm phổ biến | [+12] Đang tìm hiểu / Cần tư vấn thêm | [+8] Thiện chí tương tác / Cần chính sách vay
224,Phạm Hoàng Sơn,994650488,50,HOT,Bàn giao ngay — Gọi lại trong vòng 5 - 15 phút,"Top Sales liên hệ trực tiếp, chuẩn bị hồ sơ dự án cao cấp.","Nhà đầu tư chuyên nghiệp, muốn gom sỉ 5-10 căn shophouse mặt đường lớn. Quan tâm đến tỷ suất lợi nhuận và chính sách cam kết thuê lại. Cần gặp trực tiếp giám đốc dự án.",[+15] Chân dung VIP (Chủ DN / Mua sỉ)
225,Lê Bảo Hùng,973045956,0,COLD,Hệ thống Nurturing / Drip Marketing (Không gọi ngay),Đưa vào Blacklist hoặc nuôi dưỡng bằng Zalo OA tự động.,"Khách hàng nhầm số, không có nhu cầu về bất động sản. Có vẻ là dữ liệu cũ từ ngành khác trộn vào.",[-50] Dữ liệu rác/Nhầm số
226,Đặng Anh Trang,854005986,0,COLD,Hệ thống Nurturing / Drip Marketing (Không gọi ngay),Đưa vào Blacklist hoặc nuôi dưỡng bằng Zalo OA tự động.,"Tìm nhà thuê nguyên căn giá 2 triệu ở trung tâm thành phố. Yêu cầu phi thực tế, thái độ không hợp tác khi tư vấn.",[-40] Không thiện chí/Hỏi cho vui | [-50] Yêu cầu phi thực tế/Ảo tưởng giá
227,Hồ Bảo Anh,965013421,65,WARM,Bàn giao theo ca — Phản hồi trong 2 - 4 giờ,"Gửi thông tin dự án, tư vấn gói vay và đặt lịch xem nhà mẫu.","Đang tìm thuê mặt bằng kinh doanh spa tại Quận 1, diện tích khoảng 80-100m2. Giá thuê mong muốn dưới 50 triệu/tháng. Cần ký hợp đồng dài hạn.",[+15] Ngân sách phân khúc phổ thông | [+20] Vị trí trung tâm / Đại đô thị cao cấp | [+20] Thời gian quyết định nhanh / Cấp thiết
228,Lý Thị Nam,897599674,73,WARM,Bàn giao theo ca — Phản hồi trong 2 - 4 giờ,"Gửi thông tin dự án, tư vấn gói vay và đặt lịch xem nhà mẫu.","Quan tâm căn hộ 2PN tại Quận 7 cho gia đình trẻ. Tài chính khoảng 4-5 tỷ, cần hỗ trợ vay ngân hàng 70%. Muốn đi xem nhà mẫu vào cuối tuần này.",[+25] Ngân sách tầm trung 4-10 tỷ | [+15] Nhu cầu sản phẩm phổ biến | [+20] Thời gian quyết định nhanh / Cấp thiết | [+8] Thiện chí tương tác / Cần chính sách vay
229,Vũ Ngọc Anh,711620753,65,WARM,Bàn giao theo ca — Phản hồi trong 2 - 4 giờ,"Gửi thông tin dự án, tư vấn gói vay và đặt lịch xem nhà mẫu.","Tìm nhà phố liền kề khu vực nội thành, ưu tiên gần trường học và bệnh viện. Ngân sách 8-10 tỷ. Đang cân nhắc giữa 2 dự án, cần tư vấn thêm về chính sách chiết khấu.",[+25] Ngân sách tầm trung 4-10 tỷ | [+15] Nhu cầu sản phẩm phổ biến | [+12] Đang tìm hiểu / Cần tư vấn thêm | [+8] Thiện chí tương tác / Cần chính sách vay
230,Nguyễn Văn Sơn,882204547,65,WARM,Bàn giao theo ca — Phản hồi trong 2 - 4 giờ,"Gửi thông tin dự án, tư vấn gói vay và đặt lịch xem nhà mẫu.","Đang tìm thuê mặt bằng kinh doanh spa tại Quận 1, diện tích khoảng 80-100m2. Giá thuê mong muốn dưới 50 triệu/tháng. Cần ký hợp đồng dài hạn.",[+15] Ngân sách phân khúc phổ thông | [+20] Vị trí trung tâm / Đại đô thị cao cấp | [+20] Thời gian quyết định nhanh / Cấp thiết
231,Đỗ Ngọc Tuấn,957701954,65,WARM,Bàn giao theo ca — Phản hồi trong 2 - 4 giờ,"Gửi thông tin dự án, tư vấn gói vay và đặt lịch xem nhà mẫu.","Tìm nhà phố liền kề khu vực nội thành, ưu tiên gần trường học và bệnh viện. Ngân sách 8-10 tỷ. Đang cân nhắc giữa 2 dự án, cần tư vấn thêm về chính sách chiết khấu.",[+25] Ngân sách tầm trung 4-10 tỷ | [+15] Nhu cầu sản phẩm phổ biến | [+12] Đang tìm hiểu / Cần tư vấn thêm | [+8] Thiện chí tương tác / Cần chính sách vay
232,Đặng Phương Trang,886264603,80,HOT,Bàn giao ngay — Gọi lại trong vòng 5 - 15 phút,"Top Sales liên hệ trực tiếp, chuẩn bị hồ sơ dự án cao cấp.","Khách hàng VIP, quan tâm biệt thự đơn lập phân khu cao cấp nhất. Ngân sách trên 30 tỷ, thanh toán thẳng. Yêu cầu vị trí ven sông, hướng Đông Nam. Đã từng mua nhiều dự án của tập đoàn.",[+35] Ngân sách VIP >= 20 tỷ / Tài chính mạnh | [+25] Phân khúc siêu cao cấp / Diện tích lớn
233,Nguyễn Văn Mai,963169067,80,HOT,Bàn giao ngay — Gọi lại trong vòng 5 - 15 phút,"Top Sales liên hệ trực tiếp, chuẩn bị hồ sơ dự án cao cấp.","Khách hàng VIP, quan tâm biệt thự đơn lập phân khu cao cấp nhất. Ngân sách trên 30 tỷ, thanh toán thẳng. Yêu cầu vị trí ven sông, hướng Đông Nam. Đã từng mua nhiều dự án của tập đoàn.",[+35] Ngân sách VIP >= 20 tỷ / Tài chính mạnh | [+25] Phân khúc siêu cao cấp / Diện tích lớn
234,Dương Văn Quân,755826335,65,WARM,Bàn giao theo ca — Phản hồi trong 2 - 4 giờ,"Gửi thông tin dự án, tư vấn gói vay và đặt lịch xem nhà mẫu.","Tìm nhà phố liền kề khu vực nội thành, ưu tiên gần trường học và bệnh viện. Ngân sách 8-10 tỷ. Đang cân nhắc giữa 2 dự án, cần tư vấn thêm về chính sách chiết khấu.",[+25] Ngân sách tầm trung 4-10 tỷ | [+15] Nhu cầu sản phẩm phổ biến | [+12] Đang tìm hiểu / Cần tư vấn thêm | [+8] Thiện chí tương tác / Cần chính sách vay
235,Trần Minh Sơn,817593870,65,WARM,Bàn giao theo ca — Phản hồi trong 2 - 4 giờ,"Gửi thông tin dự án, tư vấn gói vay và đặt lịch xem nhà mẫu.","Đang tìm thuê mặt bằng kinh doanh spa tại Quận 1, diện tích khoảng 80-100m2. Giá thuê mong muốn dưới 50 triệu/tháng. Cần ký hợp đồng dài hạn.",[+15] Ngân sách phân khúc phổ thông | [+20] Vị trí trung tâm / Đại đô thị cao cấp | [+20] Thời gian quyết định nhanh / Cấp thiết
236,Đỗ Ngọc Tâm,795745133,0,COLD,Hệ thống Nurturing / Drip Marketing (Không gọi ngay),Đưa vào Blacklist hoặc nuôi dưỡng bằng Zalo OA tự động.,"Số điện thoại hay bị thuê bao, gọi nhiều lần không bắt máy. Nhắn tin Zalo không phản hồi.",[-40] Không liên lạc được/Thuê bao
237,Phan Bảo Anh,795151262,0,COLD,Hệ thống Nurturing / Drip Marketing (Không gọi ngay),Đưa vào Blacklist hoặc nuôi dưỡng bằng Zalo OA tự động.,"Hỏi giá cho vui, chưa có ý định mua trong năm nay. Ngân sách rất thấp so với mặt bằng chung (đòi mua nhà Q1 giá 1 tỷ).",[-40] Không thiện chí/Hỏi cho vui | [-50] Yêu cầu phi thực tế/Ảo tưởng giá
238,Trần Ngọc Linh,996229748,0,COLD,Hệ thống Nurturing / Drip Marketing (Không gọi ngay),Đưa vào Blacklist hoặc nuôi dưỡng bằng Zalo OA tự động.,"Hỏi giá cho vui, chưa có ý định mua trong năm nay. Ngân sách rất thấp so với mặt bằng chung (đòi mua nhà Q1 giá 1 tỷ).",[-40] Không thiện chí/Hỏi cho vui | [-50] Yêu cầu phi thực tế/Ảo tưởng giá
239,Phan Ngọc Tuấn,858665148,0,COLD,Hệ thống Nurturing / Drip Marketing (Không gọi ngay),Đưa vào Blacklist hoặc nuôi dưỡng bằng Zalo OA tự động.,"Số điện thoại hay bị thuê bao, gọi nhiều lần không bắt máy. Nhắn tin Zalo không phản hồi.",[-40] Không liên lạc được/Thuê bao
240,Lê Hồng Nam,794026528,65,WARM,Bàn giao theo ca — Phản hồi trong 2 - 4 giờ,"Gửi thông tin dự án, tư vấn gói vay và đặt lịch xem nhà mẫu.","Đang tìm thuê mặt bằng kinh doanh spa tại Quận 1, diện tích khoảng 80-100m2. Giá thuê mong muốn dưới 50 triệu/tháng. Cần ký hợp đồng dài hạn.",[+15] Ngân sách phân khúc phổ thông | [+20] Vị trí trung tâm / Đại đô thị cao cấp | [+20] Thời gian quyết định nhanh / Cấp thiết
241,Phạm Ngọc Linh,855469445,65,WARM,Bàn giao theo ca — Phản hồi trong 2 - 4 giờ,"Gửi thông tin dự án, tư vấn gói vay và đặt lịch xem nhà mẫu.","Đang tìm thuê mặt bằng kinh doanh spa tại Quận 1, diện tích khoảng 80-100m2. Giá thuê mong muốn dưới 50 triệu/tháng. Cần ký hợp đồng dài hạn.",[+15] Ngân sách phân khúc phổ thông | [+20] Vị trí trung tâm / Đại đô thị cao cấp | [+20] Thời gian quyết định nhanh / Cấp thiết
242,Phan Thị Nam,877567899,0,COLD,Hệ thống Nurturing / Drip Marketing (Không gọi ngay),Đưa vào Blacklist hoặc nuôi dưỡng bằng Zalo OA tự động.,"Hỏi giá cho vui, chưa có ý định mua trong năm nay. Ngân sách rất thấp so với mặt bằng chung (đòi mua nhà Q1 giá 1 tỷ).",[-40] Không thiện chí/Hỏi cho vui | [-50] Yêu cầu phi thực tế/Ảo tưởng giá
243,Nguyễn Hồng Lan,910632603,0,COLD,Hệ thống Nurturing / Drip Marketing (Không gọi ngay),Đưa vào Blacklist hoặc nuôi dưỡng bằng Zalo OA tự động.,"Số điện thoại hay bị thuê bao, gọi nhiều lần không bắt máy. Nhắn tin Zalo không phản hồi.",[-40] Không liên lạc được/Thuê bao
244,Nguyễn Ngọc Tâm,794489465,55,WARM,Bàn giao theo ca — Phản hồi trong 2 - 4 giờ,"Gửi thông tin dự án, tư vấn gói vay và đặt lịch xem nhà mẫu.","Cần mua đất nền vùng ven (Long An, Đồng Nai) để đầu tư dài hạn. Tài chính 2-3 tỷ. Yêu cầu sổ hồng riêng, không dính quy hoạch.",[+15] Ngân sách phân khúc phổ thông | [+15] Nhu cầu sản phẩm phổ biến | [+10] Yêu cầu pháp lý minh bạch/Sổ riêng
245,Đỗ Hồng Nam,768850209,73,WARM,Bàn giao theo ca — Phản hồi trong 2 - 4 giờ,"Gửi thông tin dự án, tư vấn gói vay và đặt lịch xem nhà mẫu.","Quan tâm căn hộ 2PN tại Quận 7 cho gia đình trẻ. Tài chính khoảng 4-5 tỷ, cần hỗ trợ vay ngân hàng 70%. Muốn đi xem nhà mẫu vào cuối tuần này.",[+25] Ngân sách tầm trung 4-10 tỷ | [+15] Nhu cầu sản phẩm phổ biến | [+20] Thời gian quyết định nhanh / Cấp thiết | [+8] Thiện chí tương tác / Cần chính sách vay
246,Ngô Hồng Quân,346903958,55,WARM,Bàn giao theo ca — Phản hồi trong 2 - 4 giờ,"Gửi thông tin dự án, tư vấn gói vay và đặt lịch xem nhà mẫu.","Cần mua đất nền vùng ven (Long An, Đồng Nai) để đầu tư dài hạn. Tài chính 2-3 tỷ. Yêu cầu sổ hồng riêng, không dính quy hoạch.",[+15] Ngân sách phân khúc phổ thông | [+15] Nhu cầu sản phẩm phổ biến | [+10] Yêu cầu pháp lý minh bạch/Sổ riêng
247,Vũ Phương Cường,947023337,90,HOT,Bàn giao ngay — Gọi lại trong vòng 5 - 15 phút,"Top Sales liên hệ trực tiếp, chuẩn bị hồ sơ dự án cao cấp.","Chủ doanh nghiệp lớn, cần tìm quỹ đất công nghiệp hoặc sàn văn phòng diện tích trên 2000m2 tại khu Đông. Tài chính cực mạnh, yêu cầu pháp lý chuẩn 100%.",[+35] Ngân sách VIP >= 20 tỷ / Tài chính mạnh | [+25] Phân khúc siêu cao cấp / Diện tích lớn | [+15] Chân dung VIP (Chủ DN / Mua sỉ)
248,Bùi Minh Tuấn,867209621,0,COLD,Hệ thống Nurturing / Drip Marketing (Không gọi ngay),Đưa vào Blacklist hoặc nuôi dưỡng bằng Zalo OA tự động.,"Tìm nhà thuê nguyên căn giá 2 triệu ở trung tâm thành phố. Yêu cầu phi thực tế, thái độ không hợp tác khi tư vấn.",[-40] Không thiện chí/Hỏi cho vui | [-50] Yêu cầu phi thực tế/Ảo tưởng giá
249,Hồ Minh Mai,337989899,0,COLD,Hệ thống Nurturing / Drip Marketing (Không gọi ngay),Đưa vào Blacklist hoặc nuôi dưỡng bằng Zalo OA tự động.,"Tìm nhà thuê nguyên căn giá 2 triệu ở trung tâm thành phố. Yêu cầu phi thực tế, thái độ không hợp tác khi tư vấn.",[-40] Không thiện chí/Hỏi cho vui | [-50] Yêu cầu phi thực tế/Ảo tưởng giá
250,Đặng Thị Anh,960681670,65,WARM,Bàn giao theo ca — Phản hồi trong 2 - 4 giờ,"Gửi thông tin dự án, tư vấn gói vay và đặt lịch xem nhà mẫu.","Tìm nhà phố liền kề khu vực nội thành, ưu tiên gần trường học và bệnh viện. Ngân sách 8-10 tỷ. Đang cân nhắc giữa 2 dự án, cần tư vấn thêm về chính sách chiết khấu.",[+25] Ngân sách tầm trung 4-10 tỷ | [+15] Nhu cầu sản phẩm phổ biến | [+12] Đang tìm hiểu / Cần tư vấn thêm | [+8] Thiện chí tương tác / Cần chính sách vay
251,Trần Văn Mai,963256661,65,WARM,Bàn giao theo ca — Phản hồi trong 2 - 4 giờ,"Gửi thông tin dự án, tư vấn gói vay và đặt lịch xem nhà mẫu.","Đang tìm thuê mặt bằng kinh doanh spa tại Quận 1, diện tích khoảng 80-100m2. Giá thuê mong muốn dưới 50 triệu/tháng. Cần ký hợp đồng dài hạn.",[+15] Ngân sách phân khúc phổ thông | [+20] Vị trí trung tâm / Đại đô thị cao cấp | [+20] Thời gian quyết định nhanh / Cấp thiết
252,Hồ Phương Tuấn,712380786,65,WARM,Bàn giao theo ca — Phản hồi trong 2 - 4 giờ,"Gửi thông tin dự án, tư vấn gói vay và đặt lịch xem nhà mẫu.","Đang tìm thuê mặt bằng kinh doanh spa tại Quận 1, diện tích khoảng 80-100m2. Giá thuê mong muốn dưới 50 triệu/tháng. Cần ký hợp đồng dài hạn.",[+15] Ngân sách phân khúc phổ thông | [+20] Vị trí trung tâm / Đại đô thị cao cấp | [+20] Thời gian quyết định nhanh / Cấp thiết
253,Phạm Hoàng Tâm,719975450,0,COLD,Hệ thống Nurturing / Drip Marketing (Không gọi ngay),Đưa vào Blacklist hoặc nuôi dưỡng bằng Zalo OA tự động.,"Số điện thoại hay bị thuê bao, gọi nhiều lần không bắt máy. Nhắn tin Zalo không phản hồi.",[-40] Không liên lạc được/Thuê bao
254,Đặng Hồng Nam,825619620,65,WARM,Bàn giao theo ca — Phản hồi trong 2 - 4 giờ,"Gửi thông tin dự án, tư vấn gói vay và đặt lịch xem nhà mẫu.","Tìm nhà phố liền kề khu vực nội thành, ưu tiên gần trường học và bệnh viện. Ngân sách 8-10 tỷ. Đang cân nhắc giữa 2 dự án, cần tư vấn thêm về chính sách chiết khấu.",[+25] Ngân sách tầm trung 4-10 tỷ | [+15] Nhu cầu sản phẩm phổ biến | [+12] Đang tìm hiểu / Cần tư vấn thêm | [+8] Thiện chí tương tác / Cần chính sách vay
255,Vũ Đức Lan,856707365,0,COLD,Hệ thống Nurturing / Drip Marketing (Không gọi ngay),Đưa vào Blacklist hoặc nuôi dưỡng bằng Zalo OA tự động.,"Tìm nhà thuê nguyên căn giá 2 triệu ở trung tâm thành phố. Yêu cầu phi thực tế, thái độ không hợp tác khi tư vấn.",[-40] Không thiện chí/Hỏi cho vui | [-50] Yêu cầu phi thực tế/Ảo tưởng giá
256,Phạm Ngọc Sơn,355294870,0,COLD,Hệ thống Nurturing / Drip Marketing (Không gọi ngay),Đưa vào Blacklist hoặc nuôi dưỡng bằng Zalo OA tự động.,"Khách hàng nhầm số, không có nhu cầu về bất động sản. Có vẻ là dữ liệu cũ từ ngành khác trộn vào.",[-50] Dữ liệu rác/Nhầm số
257,Nguyễn Văn Cường,730818911,90,HOT,Bàn giao ngay — Gọi lại trong vòng 5 - 15 phút,"Top Sales liên hệ trực tiếp, chuẩn bị hồ sơ dự án cao cấp.","Chủ doanh nghiệp lớn, cần tìm quỹ đất công nghiệp hoặc sàn văn phòng diện tích trên 2000m2 tại khu Đông. Tài chính cực mạnh, yêu cầu pháp lý chuẩn 100%.",[+35] Ngân sách VIP >= 20 tỷ / Tài chính mạnh | [+25] Phân khúc siêu cao cấp / Diện tích lớn | [+15] Chân dung VIP (Chủ DN / Mua sỉ)
258,Hồ Đức Hoa,377521337,50,HOT,Bàn giao ngay — Gọi lại trong vòng 5 - 15 phút,"Top Sales liên hệ trực tiếp, chuẩn bị hồ sơ dự án cao cấp.","Nhà đầu tư chuyên nghiệp, muốn gom sỉ 5-10 căn shophouse mặt đường lớn. Quan tâm đến tỷ suất lợi nhuận và chính sách cam kết thuê lại. Cần gặp trực tiếp giám đốc dự án.",[+15] Chân dung VIP (Chủ DN / Mua sỉ)
259,Phan Hồng Hoa,913441459,65,WARM,Bàn giao theo ca — Phản hồi trong 2 - 4 giờ,"Gửi thông tin dự án, tư vấn gói vay và đặt lịch xem nhà mẫu.","Đang tìm thuê mặt bằng kinh doanh spa tại Quận 1, diện tích khoảng 80-100m2. Giá thuê mong muốn dưới 50 triệu/tháng. Cần ký hợp đồng dài hạn.",[+15] Ngân sách phân khúc phổ thông | [+20] Vị trí trung tâm / Đại đô thị cao cấp | [+20] Thời gian quyết định nhanh / Cấp thiết
260,Bùi Đức Hùng,380379719,65,WARM,Bàn giao theo ca — Phản hồi trong 2 - 4 giờ,"Gửi thông tin dự án, tư vấn gói vay và đặt lịch xem nhà mẫu.","Tìm nhà phố liền kề khu vực nội thành, ưu tiên gần trường học và bệnh viện. Ngân sách 8-10 tỷ. Đang cân nhắc giữa 2 dự án, cần tư vấn thêm về chính sách chiết khấu.",[+25] Ngân sách tầm trung 4-10 tỷ | [+15] Nhu cầu sản phẩm phổ biến | [+12] Đang tìm hiểu / Cần tư vấn thêm | [+8] Thiện chí tương tác / Cần chính sách vay
261,Bùi Thị Nam,837736063,55,WARM,Bàn giao theo ca — Phản hồi trong 2 - 4 giờ,"Gửi thông tin dự án, tư vấn gói vay và đặt lịch xem nhà mẫu.","Cần mua đất nền vùng ven (Long An, Đồng Nai) để đầu tư dài hạn. Tài chính 2-3 tỷ. Yêu cầu sổ hồng riêng, không dính quy hoạch.",[+15] Ngân sách phân khúc phổ thông | [+15] Nhu cầu sản phẩm phổ biến | [+10] Yêu cầu pháp lý minh bạch/Sổ riêng
262,Phan Hoàng Sơn,963096792,65,WARM,Bàn giao theo ca — Phản hồi trong 2 - 4 giờ,"Gửi thông tin dự án, tư vấn gói vay và đặt lịch xem nhà mẫu.","Đang tìm thuê mặt bằng kinh doanh spa tại Quận 1, diện tích khoảng 80-100m2. Giá thuê mong muốn dưới 50 triệu/tháng. Cần ký hợp đồng dài hạn.",[+15] Ngân sách phân khúc phổ thông | [+20] Vị trí trung tâm / Đại đô thị cao cấp | [+20] Thời gian quyết định nhanh / Cấp thiết
263,Bùi Anh Cường,953919787,80,HOT,Bàn giao ngay — Gọi lại trong vòng 5 - 15 phút,"Top Sales liên hệ trực tiếp, chuẩn bị hồ sơ dự án cao cấp.","Khách hàng tìm mua Penthouse diện tích lớn, yêu cầu có hồ bơi riêng và thang máy riêng. Ngân sách không thành vấn đề, quan trọng là đẳng cấp và sự riêng tư.",[+35] Ngân sách VIP >= 20 tỷ / Tài chính mạnh | [+25] Phân khúc siêu cao cấp / Diện tích lớn
264,Đỗ Hồng Hùng,941977677,80,HOT,Bàn giao ngay — Gọi lại trong vòng 5 - 15 phút,"Top Sales liên hệ trực tiếp, chuẩn bị hồ sơ dự án cao cấp.","Khách hàng tìm mua Penthouse diện tích lớn, yêu cầu có hồ bơi riêng và thang máy riêng. Ngân sách không thành vấn đề, quan trọng là đẳng cấp và sự riêng tư.",[+35] Ngân sách VIP >= 20 tỷ / Tài chính mạnh | [+25] Phân khúc siêu cao cấp / Diện tích lớn
265,Hồ Ngọc Lan,867540723,0,COLD,Hệ thống Nurturing / Drip Marketing (Không gọi ngay),Đưa vào Blacklist hoặc nuôi dưỡng bằng Zalo OA tự động.,"Tìm nhà thuê nguyên căn giá 2 triệu ở trung tâm thành phố. Yêu cầu phi thực tế, thái độ không hợp tác khi tư vấn.",[-40] Không thiện chí/Hỏi cho vui | [-50] Yêu cầu phi thực tế/Ảo tưởng giá
266,Đỗ Văn Trang,984725184,0,COLD,Hệ thống Nurturing / Drip Marketing (Không gọi ngay),Đưa vào Blacklist hoặc nuôi dưỡng bằng Zalo OA tự động.,"Khách hàng nhầm số, không có nhu cầu về bất động sản. Có vẻ là dữ liệu cũ từ ngành khác trộn vào.",[-50] Dữ liệu rác/Nhầm số
267,Đặng Hoàng Tâm,320433112,80,HOT,Bàn giao ngay — Gọi lại trong vòng 5 - 15 phút,"Top Sales liên hệ trực tiếp, chuẩn bị hồ sơ dự án cao cấp.","Khách hàng tìm mua Penthouse diện tích lớn, yêu cầu có hồ bơi riêng và thang máy riêng. Ngân sách không thành vấn đề, quan trọng là đẳng cấp và sự riêng tư.",[+35] Ngân sách VIP >= 20 tỷ / Tài chính mạnh | [+25] Phân khúc siêu cao cấp / Diện tích lớn
268,Lê Phương Linh,811625319,55,WARM,Bàn giao theo ca — Phản hồi trong 2 - 4 giờ,"Gửi thông tin dự án, tư vấn gói vay và đặt lịch xem nhà mẫu.","Cần mua đất nền vùng ven (Long An, Đồng Nai) để đầu tư dài hạn. Tài chính 2-3 tỷ. Yêu cầu sổ hồng riêng, không dính quy hoạch.",[+15] Ngân sách phân khúc phổ thông | [+15] Nhu cầu sản phẩm phổ biến | [+10] Yêu cầu pháp lý minh bạch/Sổ riêng
269,Dương Hồng Sơn,817679632,0,COLD,Hệ thống Nurturing / Drip Marketing (Không gọi ngay),Đưa vào Blacklist hoặc nuôi dưỡng bằng Zalo OA tự động.,"Khách hàng nhầm số, không có nhu cầu về bất động sản. Có vẻ là dữ liệu cũ từ ngành khác trộn vào.",[-50] Dữ liệu rác/Nhầm số
270,Trần Hoàng Quân,755768703,80,HOT,Bàn giao ngay — Gọi lại trong vòng 5 - 15 phút,"Top Sales liên hệ trực tiếp, chuẩn bị hồ sơ dự án cao cấp.","Khách hàng VIP, quan tâm biệt thự đơn lập phân khu cao cấp nhất. Ngân sách trên 30 tỷ, thanh toán thẳng. Yêu cầu vị trí ven sông, hướng Đông Nam. Đã từng mua nhiều dự án của tập đoàn.",[+35] Ngân sách VIP >= 20 tỷ / Tài chính mạnh | [+25] Phân khúc siêu cao cấp / Diện tích lớn
271,Nguyễn Hồng Trang,792955800,73,WARM,Bàn giao theo ca — Phản hồi trong 2 - 4 giờ,"Gửi thông tin dự án, tư vấn gói vay và đặt lịch xem nhà mẫu.","Quan tâm căn hộ 2PN tại Quận 7 cho gia đình trẻ. Tài chính khoảng 4-5 tỷ, cần hỗ trợ vay ngân hàng 70%. Muốn đi xem nhà mẫu vào cuối tuần này.",[+25] Ngân sách tầm trung 4-10 tỷ | [+15] Nhu cầu sản phẩm phổ biến | [+20] Thời gian quyết định nhanh / Cấp thiết | [+8] Thiện chí tương tác / Cần chính sách vay
272,Phạm Đức Tâm,882945174,0,COLD,Hệ thống Nurturing / Drip Marketing (Không gọi ngay),Đưa vào Blacklist hoặc nuôi dưỡng bằng Zalo OA tự động.,"Số điện thoại hay bị thuê bao, gọi nhiều lần không bắt máy. Nhắn tin Zalo không phản hồi.",[-40] Không liên lạc được/Thuê bao
273,Đặng Hồng Lan,366511306,55,WARM,Bàn giao theo ca — Phản hồi trong 2 - 4 giờ,"Gửi thông tin dự án, tư vấn gói vay và đặt lịch xem nhà mẫu.","Cần mua đất nền vùng ven (Long An, Đồng Nai) để đầu tư dài hạn. Tài chính 2-3 tỷ. Yêu cầu sổ hồng riêng, không dính quy hoạch.",[+15] Ngân sách phân khúc phổ thông | [+15] Nhu cầu sản phẩm phổ biến | [+10] Yêu cầu pháp lý minh bạch/Sổ riêng
274,Phan Phương Linh,783100590,73,WARM,Bàn giao theo ca — Phản hồi trong 2 - 4 giờ,"Gửi thông tin dự án, tư vấn gói vay và đặt lịch xem nhà mẫu.","Quan tâm căn hộ 2PN tại Quận 7 cho gia đình trẻ. Tài chính khoảng 4-5 tỷ, cần hỗ trợ vay ngân hàng 70%. Muốn đi xem nhà mẫu vào cuối tuần này.",[+25] Ngân sách tầm trung 4-10 tỷ | [+15] Nhu cầu sản phẩm phổ biến | [+20] Thời gian quyết định nhanh / Cấp thiết | [+8] Thiện chí tương tác / Cần chính sách vay
275,Nguyễn Văn Dũng,392739626,65,WARM,Bàn giao theo ca — Phản hồi trong 2 - 4 giờ,"Gửi thông tin dự án, tư vấn gói vay và đặt lịch xem nhà mẫu.","Đang tìm thuê mặt bằng kinh doanh spa tại Quận 1, diện tích khoảng 80-100m2. Giá thuê mong muốn dưới 50 triệu/tháng. Cần ký hợp đồng dài hạn.",[+15] Ngân sách phân khúc phổ thông | [+20] Vị trí trung tâm / Đại đô thị cao cấp | [+20] Thời gian quyết định nhanh / Cấp thiết
276,Trần Đức Nam,315319871,65,WARM,Bàn giao theo ca — Phản hồi trong 2 - 4 giờ,"Gửi thông tin dự án, tư vấn gói vay và đặt lịch xem nhà mẫu.","Tìm nhà phố liền kề khu vực nội thành, ưu tiên gần trường học và bệnh viện. Ngân sách 8-10 tỷ. Đang cân nhắc giữa 2 dự án, cần tư vấn thêm về chính sách chiết khấu.",[+25] Ngân sách tầm trung 4-10 tỷ | [+15] Nhu cầu sản phẩm phổ biến | [+12] Đang tìm hiểu / Cần tư vấn thêm | [+8] Thiện chí tương tác / Cần chính sách vay
277,Đỗ Minh Trang,889752059,65,WARM,Bàn giao theo ca — Phản hồi trong 2 - 4 giờ,"Gửi thông tin dự án, tư vấn gói vay và đặt lịch xem nhà mẫu.","Đang tìm thuê mặt bằng kinh doanh spa tại Quận 1, diện tích khoảng 80-100m2. Giá thuê mong muốn dưới 50 triệu/tháng. Cần ký hợp đồng dài hạn.",[+15] Ngân sách phân khúc phổ thông | [+20] Vị trí trung tâm / Đại đô thị cao cấp | [+20] Thời gian quyết định nhanh / Cấp thiết
278,Lê Bảo Sơn,827502936,0,COLD,Hệ thống Nurturing / Drip Marketing (Không gọi ngay),Đưa vào Blacklist hoặc nuôi dưỡng bằng Zalo OA tự động.,"Spam, gọi điện đến chỉ để quảng cáo ngược lại dịch vụ bảo hiểm.",[-80] Spam/Quảng cáo dịch vụ
279,Lý Anh Tuấn,982276077,55,WARM,Bàn giao theo ca — Phản hồi trong 2 - 4 giờ,"Gửi thông tin dự án, tư vấn gói vay và đặt lịch xem nhà mẫu.","Cần mua đất nền vùng ven (Long An, Đồng Nai) để đầu tư dài hạn. Tài chính 2-3 tỷ. Yêu cầu sổ hồng riêng, không dính quy hoạch.",[+15] Ngân sách phân khúc phổ thông | [+15] Nhu cầu sản phẩm phổ biến | [+10] Yêu cầu pháp lý minh bạch/Sổ riêng
280,Dương Ngọc Tuấn,848744392,73,WARM,Bàn giao theo ca — Phản hồi trong 2 - 4 giờ,"Gửi thông tin dự án, tư vấn gói vay và đặt lịch xem nhà mẫu.","Quan tâm căn hộ 2PN tại Quận 7 cho gia đình trẻ. Tài chính khoảng 4-5 tỷ, cần hỗ trợ vay ngân hàng 70%. Muốn đi xem nhà mẫu vào cuối tuần này.",[+25] Ngân sách tầm trung 4-10 tỷ | [+15] Nhu cầu sản phẩm phổ biến | [+20] Thời gian quyết định nhanh / Cấp thiết | [+8] Thiện chí tương tác / Cần chính sách vay
281,Phan Ngọc Dũng,395148387,55,WARM,Bàn giao theo ca — Phản hồi trong 2 - 4 giờ,"Gửi thông tin dự án, tư vấn gói vay và đặt lịch xem nhà mẫu.","Cần mua đất nền vùng ven (Long An, Đồng Nai) để đầu tư dài hạn. Tài chính 2-3 tỷ. Yêu cầu sổ hồng riêng, không dính quy hoạch.",[+15] Ngân sách phân khúc phổ thông | [+15] Nhu cầu sản phẩm phổ biến | [+10] Yêu cầu pháp lý minh bạch/Sổ riêng
282,Lý Đức Hoa,852848978,0,COLD,Hệ thống Nurturing / Drip Marketing (Không gọi ngay),Đưa vào Blacklist hoặc nuôi dưỡng bằng Zalo OA tự động.,"Số điện thoại hay bị thuê bao, gọi nhiều lần không bắt máy. Nhắn tin Zalo không phản hồi.",[-40] Không liên lạc được/Thuê bao
283,Phạm Minh Linh,924644095,65,WARM,Bàn giao theo ca — Phản hồi trong 2 - 4 giờ,"Gửi thông tin dự án, tư vấn gói vay và đặt lịch xem nhà mẫu.","Tìm nhà phố liền kề khu vực nội thành, ưu tiên gần trường học và bệnh viện. Ngân sách 8-10 tỷ. Đang cân nhắc giữa 2 dự án, cần tư vấn thêm về chính sách chiết khấu.",[+25] Ngân sách tầm trung 4-10 tỷ | [+15] Nhu cầu sản phẩm phổ biến | [+12] Đang tìm hiểu / Cần tư vấn thêm | [+8] Thiện chí tương tác / Cần chính sách vay
284,Phạm Phương Tâm,377066447,0,COLD,Hệ thống Nurturing / Drip Marketing (Không gọi ngay),Đưa vào Blacklist hoặc nuôi dưỡng bằng Zalo OA tự động.,"Tìm nhà thuê nguyên căn giá 2 triệu ở trung tâm thành phố. Yêu cầu phi thực tế, thái độ không hợp tác khi tư vấn.",[-40] Không thiện chí/Hỏi cho vui | [-50] Yêu cầu phi thực tế/Ảo tưởng giá
285,Hồ Hoàng Hoa,910231557,55,WARM,Bàn giao theo ca — Phản hồi trong 2 - 4 giờ,"Gửi thông tin dự án, tư vấn gói vay và đặt lịch xem nhà mẫu.","Cần mua đất nền vùng ven (Long An, Đồng Nai) để đầu tư dài hạn. Tài chính 2-3 tỷ. Yêu cầu sổ hồng riêng, không dính quy hoạch.",[+15] Ngân sách phân khúc phổ thông | [+15] Nhu cầu sản phẩm phổ biến | [+10] Yêu cầu pháp lý minh bạch/Sổ riêng
286,Phạm Phương Quân,773084280,80,HOT,Bàn giao ngay — Gọi lại trong vòng 5 - 15 phút,"Top Sales liên hệ trực tiếp, chuẩn bị hồ sơ dự án cao cấp.","Khách hàng tìm mua Penthouse diện tích lớn, yêu cầu có hồ bơi riêng và thang máy riêng. Ngân sách không thành vấn đề, quan trọng là đẳng cấp và sự riêng tư.",[+35] Ngân sách VIP >= 20 tỷ / Tài chính mạnh | [+25] Phân khúc siêu cao cấp / Diện tích lớn
287,Ngô Anh Mai,345219961,50,HOT,Bàn giao ngay — Gọi lại trong vòng 5 - 15 phút,"Top Sales liên hệ trực tiếp, chuẩn bị hồ sơ dự án cao cấp.","Nhà đầu tư chuyên nghiệp, muốn gom sỉ 5-10 căn shophouse mặt đường lớn. Quan tâm đến tỷ suất lợi nhuận và chính sách cam kết thuê lại. Cần gặp trực tiếp giám đốc dự án.",[+15] Chân dung VIP (Chủ DN / Mua sỉ)
288,Hồ Anh Lan,339570952,65,WARM,Bàn giao theo ca — Phản hồi trong 2 - 4 giờ,"Gửi thông tin dự án, tư vấn gói vay và đặt lịch xem nhà mẫu.","Tìm nhà phố liền kề khu vực nội thành, ưu tiên gần trường học và bệnh viện. Ngân sách 8-10 tỷ. Đang cân nhắc giữa 2 dự án, cần tư vấn thêm về chính sách chiết khấu.",[+25] Ngân sách tầm trung 4-10 tỷ | [+15] Nhu cầu sản phẩm phổ biến | [+12] Đang tìm hiểu / Cần tư vấn thêm | [+8] Thiện chí tương tác / Cần chính sách vay
289,Phan Bảo Lan,396741022,65,WARM,Bàn giao theo ca — Phản hồi trong 2 - 4 giờ,"Gửi thông tin dự án, tư vấn gói vay và đặt lịch xem nhà mẫu.","Đang tìm thuê mặt bằng kinh doanh spa tại Quận 1, diện tích khoảng 80-100m2. Giá thuê mong muốn dưới 50 triệu/tháng. Cần ký hợp đồng dài hạn.",[+15] Ngân sách phân khúc phổ thông | [+20] Vị trí trung tâm / Đại đô thị cao cấp | [+20] Thời gian quyết định nhanh / Cấp thiết
290,Lê Minh Sơn,360607661,0,COLD,Hệ thống Nurturing / Drip Marketing (Không gọi ngay),Đưa vào Blacklist hoặc nuôi dưỡng bằng Zalo OA tự động.,"Tìm nhà thuê nguyên căn giá 2 triệu ở trung tâm thành phố. Yêu cầu phi thực tế, thái độ không hợp tác khi tư vấn.",[-40] Không thiện chí/Hỏi cho vui | [-50] Yêu cầu phi thực tế/Ảo tưởng giá
291,Lý Hồng Trang,752649529,65,WARM,Bàn giao theo ca — Phản hồi trong 2 - 4 giờ,"Gửi thông tin dự án, tư vấn gói vay và đặt lịch xem nhà mẫu.","Đang tìm thuê mặt bằng kinh doanh spa tại Quận 1, diện tích khoảng 80-100m2. Giá thuê mong muốn dưới 50 triệu/tháng. Cần ký hợp đồng dài hạn.",[+15] Ngân sách phân khúc phổ thông | [+20] Vị trí trung tâm / Đại đô thị cao cấp | [+20] Thời gian quyết định nhanh / Cấp thiết
292,Trần Hoàng Anh,979333392,55,WARM,Bàn giao theo ca — Phản hồi trong 2 - 4 giờ,"Gửi thông tin dự án, tư vấn gói vay và đặt lịch xem nhà mẫu.","Cần mua đất nền vùng ven (Long An, Đồng Nai) để đầu tư dài hạn. Tài chính 2-3 tỷ. Yêu cầu sổ hồng riêng, không dính quy hoạch.",[+15] Ngân sách phân khúc phổ thông | [+15] Nhu cầu sản phẩm phổ biến | [+10] Yêu cầu pháp lý minh bạch/Sổ riêng
293,Ngô Thị Tâm,766920922,73,WARM,Bàn giao theo ca — Phản hồi trong 2 - 4 giờ,"Gửi thông tin dự án, tư vấn gói vay và đặt lịch xem nhà mẫu.","Quan tâm căn hộ 2PN tại Quận 7 cho gia đình trẻ. Tài chính khoảng 4-5 tỷ, cần hỗ trợ vay ngân hàng 70%. Muốn đi xem nhà mẫu vào cuối tuần này.",[+25] Ngân sách tầm trung 4-10 tỷ | [+15] Nhu cầu sản phẩm phổ biến | [+20] Thời gian quyết định nhanh / Cấp thiết | [+8] Thiện chí tương tác / Cần chính sách vay
294,Hồ Ngọc Lan,825263407,65,WARM,Bàn giao theo ca — Phản hồi trong 2 - 4 giờ,"Gửi thông tin dự án, tư vấn gói vay và đặt lịch xem nhà mẫu.","Đang tìm thuê mặt bằng kinh doanh spa tại Quận 1, diện tích khoảng 80-100m2. Giá thuê mong muốn dưới 50 triệu/tháng. Cần ký hợp đồng dài hạn.",[+15] Ngân sách phân khúc phổ thông | [+20] Vị trí trung tâm / Đại đô thị cao cấp | [+20] Thời gian quyết định nhanh / Cấp thiết
295,Bùi Bảo Tâm,930964208,50,HOT,Bàn giao ngay — Gọi lại trong vòng 5 - 15 phút,"Top Sales liên hệ trực tiếp, chuẩn bị hồ sơ dự án cao cấp.","Nhà đầu tư chuyên nghiệp, muốn gom sỉ 5-10 căn shophouse mặt đường lớn. Quan tâm đến tỷ suất lợi nhuận và chính sách cam kết thuê lại. Cần gặp trực tiếp giám đốc dự án.",[+15] Chân dung VIP (Chủ DN / Mua sỉ)
296,Phan Anh Dũng,739644226,65,WARM,Bàn giao theo ca — Phản hồi trong 2 - 4 giờ,"Gửi thông tin dự án, tư vấn gói vay và đặt lịch xem nhà mẫu.","Tìm nhà phố liền kề khu vực nội thành, ưu tiên gần trường học và bệnh viện. Ngân sách 8-10 tỷ. Đang cân nhắc giữa 2 dự án, cần tư vấn thêm về chính sách chiết khấu.",[+25] Ngân sách tầm trung 4-10 tỷ | [+15] Nhu cầu sản phẩm phổ biến | [+12] Đang tìm hiểu / Cần tư vấn thêm | [+8] Thiện chí tương tác / Cần chính sách vay
297,Nguyễn Đức Dũng,398106236,65,WARM,Bàn giao theo ca — Phản hồi trong 2 - 4 giờ,"Gửi thông tin dự án, tư vấn gói vay và đặt lịch xem nhà mẫu.","Đang tìm thuê mặt bằng kinh doanh spa tại Quận 1, diện tích khoảng 80-100m2. Giá thuê mong muốn dưới 50 triệu/tháng. Cần ký hợp đồng dài hạn.",[+15] Ngân sách phân khúc phổ thông | [+20] Vị trí trung tâm / Đại đô thị cao cấp | [+20] Thời gian quyết định nhanh / Cấp thiết
298,Nguyễn Phương Tuấn,830592831,65,WARM,Bàn giao theo ca — Phản hồi trong 2 - 4 giờ,"Gửi thông tin dự án, tư vấn gói vay và đặt lịch xem nhà mẫu.","Đang tìm thuê mặt bằng kinh doanh spa tại Quận 1, diện tích khoảng 80-100m2. Giá thuê mong muốn dưới 50 triệu/tháng. Cần ký hợp đồng dài hạn.",[+15] Ngân sách phân khúc phổ thông | [+20] Vị trí trung tâm / Đại đô thị cao cấp | [+20] Thời gian quyết định nhanh / Cấp thiết
299,Phan Đức Hùng,310249609,65,WARM,Bàn giao theo ca — Phản hồi trong 2 - 4 giờ,"Gửi thông tin dự án, tư vấn gói vay và đặt lịch xem nhà mẫu.","Tìm nhà phố liền kề khu vực nội thành, ưu tiên gần trường học và bệnh viện. Ngân sách 8-10 tỷ. Đang cân nhắc giữa 2 dự án, cần tư vấn thêm về chính sách chiết khấu.",[+25] Ngân sách tầm trung 4-10 tỷ | [+15] Nhu cầu sản phẩm phổ biến | [+12] Đang tìm hiểu / Cần tư vấn thêm | [+8] Thiện chí tương tác / Cần chính sách vay
300,Đặng Anh Nam,365160574,65,WARM,Bàn giao theo ca — Phản hồi trong 2 - 4 giờ,"Gửi thông tin dự án, tư vấn gói vay và đặt lịch xem nhà mẫu.","Đang tìm thuê mặt bằng kinh doanh spa tại Quận 1, diện tích khoảng 80-100m2. Giá thuê mong muốn dưới 50 triệu/tháng. Cần ký hợp đồng dài hạn.",[+15] Ngân sách phân khúc phổ thông | [+20] Vị trí trung tâm / Đại đô thị cao cấp | [+20] Thời gian quyết định nhanh / Cấp thiết
301,Vũ Ngọc Linh,361682800,0,COLD,Hệ thống Nurturing / Drip Marketing (Không gọi ngay),Đưa vào Blacklist hoặc nuôi dưỡng bằng Zalo OA tự động.,"Spam, gọi điện đến chỉ để quảng cáo ngược lại dịch vụ bảo hiểm.",[-80] Spam/Quảng cáo dịch vụ
302,Dương Minh Trang,756462121,73,WARM,Bàn giao theo ca — Phản hồi trong 2 - 4 giờ,"Gửi thông tin dự án, tư vấn gói vay và đặt lịch xem nhà mẫu.","Quan tâm căn hộ 2PN tại Quận 7 cho gia đình trẻ. Tài chính khoảng 4-5 tỷ, cần hỗ trợ vay ngân hàng 70%. Muốn đi xem nhà mẫu vào cuối tuần này.",[+25] Ngân sách tầm trung 4-10 tỷ | [+15] Nhu cầu sản phẩm phổ biến | [+20] Thời gian quyết định nhanh / Cấp thiết | [+8] Thiện chí tương tác / Cần chính sách vay
303,Đỗ Hồng Cường,887095053,0,COLD,Hệ thống Nurturing / Drip Marketing (Không gọi ngay),Đưa vào Blacklist hoặc nuôi dưỡng bằng Zalo OA tự động.,"Khách hàng nhầm số, không có nhu cầu về bất động sản. Có vẻ là dữ liệu cũ từ ngành khác trộn vào.",[-50] Dữ liệu rác/Nhầm số
304,Nguyễn Minh Linh,963229530,0,COLD,Hệ thống Nurturing / Drip Marketing (Không gọi ngay),Đưa vào Blacklist hoặc nuôi dưỡng bằng Zalo OA tự động.,"Khách hàng nhầm số, không có nhu cầu về bất động sản. Có vẻ là dữ liệu cũ từ ngành khác trộn vào.",[-50] Dữ liệu rác/Nhầm số
305,Đặng Minh Trang,981060823,73,WARM,Bàn giao theo ca — Phản hồi trong 2 - 4 giờ,"Gửi thông tin dự án, tư vấn gói vay và đặt lịch xem nhà mẫu.","Quan tâm căn hộ 2PN tại Quận 7 cho gia đình trẻ. Tài chính khoảng 4-5 tỷ, cần hỗ trợ vay ngân hàng 70%. Muốn đi xem nhà mẫu vào cuối tuần này.",[+25] Ngân sách tầm trung 4-10 tỷ | [+15] Nhu cầu sản phẩm phổ biến | [+20] Thời gian quyết định nhanh / Cấp thiết | [+8] Thiện chí tương tác / Cần chính sách vay
306,Nguyễn Thị Sơn,751966991,55,WARM,Bàn giao theo ca — Phản hồi trong 2 - 4 giờ,"Gửi thông tin dự án, tư vấn gói vay và đặt lịch xem nhà mẫu.","Cần mua đất nền vùng ven (Long An, Đồng Nai) để đầu tư dài hạn. Tài chính 2-3 tỷ. Yêu cầu sổ hồng riêng, không dính quy hoạch.",[+15] Ngân sách phân khúc phổ thông | [+15] Nhu cầu sản phẩm phổ biến | [+10] Yêu cầu pháp lý minh bạch/Sổ riêng
307,Hồ Thị Dũng,751443438,65,WARM,Bàn giao theo ca — Phản hồi trong 2 - 4 giờ,"Gửi thông tin dự án, tư vấn gói vay và đặt lịch xem nhà mẫu.","Tìm nhà phố liền kề khu vực nội thành, ưu tiên gần trường học và bệnh viện. Ngân sách 8-10 tỷ. Đang cân nhắc giữa 2 dự án, cần tư vấn thêm về chính sách chiết khấu.",[+25] Ngân sách tầm trung 4-10 tỷ | [+15] Nhu cầu sản phẩm phổ biến | [+12] Đang tìm hiểu / Cần tư vấn thêm | [+8] Thiện chí tương tác / Cần chính sách vay
308,Đặng Ngọc Nam,757643872,0,COLD,Hệ thống Nurturing / Drip Marketing (Không gọi ngay),Đưa vào Blacklist hoặc nuôi dưỡng bằng Zalo OA tự động.,"Hỏi giá cho vui, chưa có ý định mua trong năm nay. Ngân sách rất thấp so với mặt bằng chung (đòi mua nhà Q1 giá 1 tỷ).",[-40] Không thiện chí/Hỏi cho vui | [-50] Yêu cầu phi thực tế/Ảo tưởng giá
309,Bùi Ngọc Trang,780633731,0,COLD,Hệ thống Nurturing / Drip Marketing (Không gọi ngay),Đưa vào Blacklist hoặc nuôi dưỡng bằng Zalo OA tự động.,"Tìm nhà thuê nguyên căn giá 2 triệu ở trung tâm thành phố. Yêu cầu phi thực tế, thái độ không hợp tác khi tư vấn.",[-40] Không thiện chí/Hỏi cho vui | [-50] Yêu cầu phi thực tế/Ảo tưởng giá
310,Dương Minh Trang,977636417,73,WARM,Bàn giao theo ca — Phản hồi trong 2 - 4 giờ,"Gửi thông tin dự án, tư vấn gói vay và đặt lịch xem nhà mẫu.","Quan tâm căn hộ 2PN tại Quận 7 cho gia đình trẻ. Tài chính khoảng 4-5 tỷ, cần hỗ trợ vay ngân hàng 70%. Muốn đi xem nhà mẫu vào cuối tuần này.",[+25] Ngân sách tầm trung 4-10 tỷ | [+15] Nhu cầu sản phẩm phổ biến | [+20] Thời gian quyết định nhanh / Cấp thiết | [+8] Thiện chí tương tác / Cần chính sách vay
311,Dương Văn Hoa,762849450,0,COLD,Hệ thống Nurturing / Drip Marketing (Không gọi ngay),Đưa vào Blacklist hoặc nuôi dưỡng bằng Zalo OA tự động.,"Hỏi giá cho vui, chưa có ý định mua trong năm nay. Ngân sách rất thấp so với mặt bằng chung (đòi mua nhà Q1 giá 1 tỷ).",[-40] Không thiện chí/Hỏi cho vui | [-50] Yêu cầu phi thực tế/Ảo tưởng giá
312,Nguyễn Hồng Anh,338243267,65,WARM,Bàn giao theo ca — Phản hồi trong 2 - 4 giờ,"Gửi thông tin dự án, tư vấn gói vay và đặt lịch xem nhà mẫu.","Tìm nhà phố liền kề khu vực nội thành, ưu tiên gần trường học và bệnh viện. Ngân sách 8-10 tỷ. Đang cân nhắc giữa 2 dự án, cần tư vấn thêm về chính sách chiết khấu.",[+25] Ngân sách tầm trung 4-10 tỷ | [+15] Nhu cầu sản phẩm phổ biến | [+12] Đang tìm hiểu / Cần tư vấn thêm | [+8] Thiện chí tương tác / Cần chính sách vay
313,Hồ Hoàng Linh,715590132,0,COLD,Hệ thống Nurturing / Drip Marketing (Không gọi ngay),Đưa vào Blacklist hoặc nuôi dưỡng bằng Zalo OA tự động.,"Hỏi giá cho vui, chưa có ý định mua trong năm nay. Ngân sách rất thấp so với mặt bằng chung (đòi mua nhà Q1 giá 1 tỷ).",[-40] Không thiện chí/Hỏi cho vui | [-50] Yêu cầu phi thực tế/Ảo tưởng giá
314,Phạm Hoàng Quân,864228600,0,COLD,Hệ thống Nurturing / Drip Marketing (Không gọi ngay),Đưa vào Blacklist hoặc nuôi dưỡng bằng Zalo OA tự động.,"Hỏi giá cho vui, chưa có ý định mua trong năm nay. Ngân sách rất thấp so với mặt bằng chung (đòi mua nhà Q1 giá 1 tỷ).",[-40] Không thiện chí/Hỏi cho vui | [-50] Yêu cầu phi thực tế/Ảo tưởng giá
315,Lê Phương Tuấn,843026359,0,COLD,Hệ thống Nurturing / Drip Marketing (Không gọi ngay),Đưa vào Blacklist hoặc nuôi dưỡng bằng Zalo OA tự động.,"Tìm nhà thuê nguyên căn giá 2 triệu ở trung tâm thành phố. Yêu cầu phi thực tế, thái độ không hợp tác khi tư vấn.",[-40] Không thiện chí/Hỏi cho vui | [-50] Yêu cầu phi thực tế/Ảo tưởng giá
316,Đặng Văn Hùng,799522007,90,HOT,Bàn giao ngay — Gọi lại trong vòng 5 - 15 phút,"Top Sales liên hệ trực tiếp, chuẩn bị hồ sơ dự án cao cấp.","Chủ doanh nghiệp lớn, cần tìm quỹ đất công nghiệp hoặc sàn văn phòng diện tích trên 2000m2 tại khu Đông. Tài chính cực mạnh, yêu cầu pháp lý chuẩn 100%.",[+35] Ngân sách VIP >= 20 tỷ / Tài chính mạnh | [+25] Phân khúc siêu cao cấp / Diện tích lớn | [+15] Chân dung VIP (Chủ DN / Mua sỉ)
317,Nguyễn Đức Tâm,941538995,65,WARM,Bàn giao theo ca — Phản hồi trong 2 - 4 giờ,"Gửi thông tin dự án, tư vấn gói vay và đặt lịch xem nhà mẫu.","Đang tìm thuê mặt bằng kinh doanh spa tại Quận 1, diện tích khoảng 80-100m2. Giá thuê mong muốn dưới 50 triệu/tháng. Cần ký hợp đồng dài hạn.",[+15] Ngân sách phân khúc phổ thông | [+20] Vị trí trung tâm / Đại đô thị cao cấp | [+20] Thời gian quyết định nhanh / Cấp thiết
318,Đỗ Anh Nam,920685323,73,WARM,Bàn giao theo ca — Phản hồi trong 2 - 4 giờ,"Gửi thông tin dự án, tư vấn gói vay và đặt lịch xem nhà mẫu.","Quan tâm căn hộ 2PN tại Quận 7 cho gia đình trẻ. Tài chính khoảng 4-5 tỷ, cần hỗ trợ vay ngân hàng 70%. Muốn đi xem nhà mẫu vào cuối tuần này.",[+25] Ngân sách tầm trung 4-10 tỷ | [+15] Nhu cầu sản phẩm phổ biến | [+20] Thời gian quyết định nhanh / Cấp thiết | [+8] Thiện chí tương tác / Cần chính sách vay
319,Phan Đức Hùng,353654963,65,WARM,Bàn giao theo ca — Phản hồi trong 2 - 4 giờ,"Gửi thông tin dự án, tư vấn gói vay và đặt lịch xem nhà mẫu.","Đang tìm thuê mặt bằng kinh doanh spa tại Quận 1, diện tích khoảng 80-100m2. Giá thuê mong muốn dưới 50 triệu/tháng. Cần ký hợp đồng dài hạn.",[+15] Ngân sách phân khúc phổ thông | [+20] Vị trí trung tâm / Đại đô thị cao cấp | [+20] Thời gian quyết định nhanh / Cấp thiết
320,Phạm Văn Mai,799828772,73,WARM,Bàn giao theo ca — Phản hồi trong 2 - 4 giờ,"Gửi thông tin dự án, tư vấn gói vay và đặt lịch xem nhà mẫu.","Quan tâm căn hộ 2PN tại Quận 7 cho gia đình trẻ. Tài chính khoảng 4-5 tỷ, cần hỗ trợ vay ngân hàng 70%. Muốn đi xem nhà mẫu vào cuối tuần này.",[+25] Ngân sách tầm trung 4-10 tỷ | [+15] Nhu cầu sản phẩm phổ biến | [+20] Thời gian quyết định nhanh / Cấp thiết | [+8] Thiện chí tương tác / Cần chính sách vay
321,Vũ Đức Tuấn,738844016,90,HOT,Bàn giao ngay — Gọi lại trong vòng 5 - 15 phút,"Top Sales liên hệ trực tiếp, chuẩn bị hồ sơ dự án cao cấp.","Chủ doanh nghiệp lớn, cần tìm quỹ đất công nghiệp hoặc sàn văn phòng diện tích trên 2000m2 tại khu Đông. Tài chính cực mạnh, yêu cầu pháp lý chuẩn 100%.",[+35] Ngân sách VIP >= 20 tỷ / Tài chính mạnh | [+25] Phân khúc siêu cao cấp / Diện tích lớn | [+15] Chân dung VIP (Chủ DN / Mua sỉ)
322,Ngô Phương Lan,858044308,65,WARM,Bàn giao theo ca — Phản hồi trong 2 - 4 giờ,"Gửi thông tin dự án, tư vấn gói vay và đặt lịch xem nhà mẫu.","Đang tìm thuê mặt bằng kinh doanh spa tại Quận 1, diện tích khoảng 80-100m2. Giá thuê mong muốn dưới 50 triệu/tháng. Cần ký hợp đồng dài hạn.",[+15] Ngân sách phân khúc phổ thông | [+20] Vị trí trung tâm / Đại đô thị cao cấp | [+20] Thời gian quyết định nhanh / Cấp thiết
323,Phạm Hồng Sơn,368542129,55,WARM,Bàn giao theo ca — Phản hồi trong 2 - 4 giờ,"Gửi thông tin dự án, tư vấn gói vay và đặt lịch xem nhà mẫu.","Cần mua đất nền vùng ven (Long An, Đồng Nai) để đầu tư dài hạn. Tài chính 2-3 tỷ. Yêu cầu sổ hồng riêng, không dính quy hoạch.",[+15] Ngân sách phân khúc phổ thông | [+15] Nhu cầu sản phẩm phổ biến | [+10] Yêu cầu pháp lý minh bạch/Sổ riêng
324,Vũ Đức Cường,729995200,0,COLD,Hệ thống Nurturing / Drip Marketing (Không gọi ngay),Đưa vào Blacklist hoặc nuôi dưỡng bằng Zalo OA tự động.,"Spam, gọi điện đến chỉ để quảng cáo ngược lại dịch vụ bảo hiểm.",[-80] Spam/Quảng cáo dịch vụ
325,Bùi Phương Cường,384145308,0,COLD,Hệ thống Nurturing / Drip Marketing (Không gọi ngay),Đưa vào Blacklist hoặc nuôi dưỡng bằng Zalo OA tự động.,"Số điện thoại hay bị thuê bao, gọi nhiều lần không bắt máy. Nhắn tin Zalo không phản hồi.",[-40] Không liên lạc được/Thuê bao
326,Dương Thị Mai,744321794,0,COLD,Hệ thống Nurturing / Drip Marketing (Không gọi ngay),Đưa vào Blacklist hoặc nuôi dưỡng bằng Zalo OA tự động.,"Hỏi giá cho vui, chưa có ý định mua trong năm nay. Ngân sách rất thấp so với mặt bằng chung (đòi mua nhà Q1 giá 1 tỷ).",[-40] Không thiện chí/Hỏi cho vui | [-50] Yêu cầu phi thực tế/Ảo tưởng giá
327,Phạm Anh Tuấn,952593093,0,COLD,Hệ thống Nurturing / Drip Marketing (Không gọi ngay),Đưa vào Blacklist hoặc nuôi dưỡng bằng Zalo OA tự động.,"Spam, gọi điện đến chỉ để quảng cáo ngược lại dịch vụ bảo hiểm.",[-80] Spam/Quảng cáo dịch vụ
328,Lý Anh Sơn,991706416,65,WARM,Bàn giao theo ca — Phản hồi trong 2 - 4 giờ,"Gửi thông tin dự án, tư vấn gói vay và đặt lịch xem nhà mẫu.","Tìm nhà phố liền kề khu vực nội thành, ưu tiên gần trường học và bệnh viện. Ngân sách 8-10 tỷ. Đang cân nhắc giữa 2 dự án, cần tư vấn thêm về chính sách chiết khấu.",[+25] Ngân sách tầm trung 4-10 tỷ | [+15] Nhu cầu sản phẩm phổ biến | [+12] Đang tìm hiểu / Cần tư vấn thêm | [+8] Thiện chí tương tác / Cần chính sách vay
329,Vũ Minh Trang,787672259,65,WARM,Bàn giao theo ca — Phản hồi trong 2 - 4 giờ,"Gửi thông tin dự án, tư vấn gói vay và đặt lịch xem nhà mẫu.","Tìm nhà phố liền kề khu vực nội thành, ưu tiên gần trường học và bệnh viện. Ngân sách 8-10 tỷ. Đang cân nhắc giữa 2 dự án, cần tư vấn thêm về chính sách chiết khấu.",[+25] Ngân sách tầm trung 4-10 tỷ | [+15] Nhu cầu sản phẩm phổ biến | [+12] Đang tìm hiểu / Cần tư vấn thêm | [+8] Thiện chí tương tác / Cần chính sách vay
330,Bùi Ngọc Tuấn,331297064,0,COLD,Hệ thống Nurturing / Drip Marketing (Không gọi ngay),Đưa vào Blacklist hoặc nuôi dưỡng bằng Zalo OA tự động.,"Số điện thoại hay bị thuê bao, gọi nhiều lần không bắt máy. Nhắn tin Zalo không phản hồi.",[-40] Không liên lạc được/Thuê bao
331,Trần Đức Lan,951239952,55,WARM,Bàn giao theo ca — Phản hồi trong 2 - 4 giờ,"Gửi thông tin dự án, tư vấn gói vay và đặt lịch xem nhà mẫu.","Cần mua đất nền vùng ven (Long An, Đồng Nai) để đầu tư dài hạn. Tài chính 2-3 tỷ. Yêu cầu sổ hồng riêng, không dính quy hoạch.",[+15] Ngân sách phân khúc phổ thông | [+15] Nhu cầu sản phẩm phổ biến | [+10] Yêu cầu pháp lý minh bạch/Sổ riêng
332,Lê Anh Tâm,886447276,55,WARM,Bàn giao theo ca — Phản hồi trong 2 - 4 giờ,"Gửi thông tin dự án, tư vấn gói vay và đặt lịch xem nhà mẫu.","Cần mua đất nền vùng ven (Long An, Đồng Nai) để đầu tư dài hạn. Tài chính 2-3 tỷ. Yêu cầu sổ hồng riêng, không dính quy hoạch.",[+15] Ngân sách phân khúc phổ thông | [+15] Nhu cầu sản phẩm phổ biến | [+10] Yêu cầu pháp lý minh bạch/Sổ riêng
333,Bùi Đức Dũng,350026785,0,COLD,Hệ thống Nurturing / Drip Marketing (Không gọi ngay),Đưa vào Blacklist hoặc nuôi dưỡng bằng Zalo OA tự động.,"Hỏi giá cho vui, chưa có ý định mua trong năm nay. Ngân sách rất thấp so với mặt bằng chung (đòi mua nhà Q1 giá 1 tỷ).",[-40] Không thiện chí/Hỏi cho vui | [-50] Yêu cầu phi thực tế/Ảo tưởng giá
334,Trần Đức Hùng,741718419,65,WARM,Bàn giao theo ca — Phản hồi trong 2 - 4 giờ,"Gửi thông tin dự án, tư vấn gói vay và đặt lịch xem nhà mẫu.","Tìm nhà phố liền kề khu vực nội thành, ưu tiên gần trường học và bệnh viện. Ngân sách 8-10 tỷ. Đang cân nhắc giữa 2 dự án, cần tư vấn thêm về chính sách chiết khấu.",[+25] Ngân sách tầm trung 4-10 tỷ | [+15] Nhu cầu sản phẩm phổ biến | [+12] Đang tìm hiểu / Cần tư vấn thêm | [+8] Thiện chí tương tác / Cần chính sách vay
335,Nguyễn Ngọc Hùng,726042174,73,WARM,Bàn giao theo ca — Phản hồi trong 2 - 4 giờ,"Gửi thông tin dự án, tư vấn gói vay và đặt lịch xem nhà mẫu.","Quan tâm căn hộ 2PN tại Quận 7 cho gia đình trẻ. Tài chính khoảng 4-5 tỷ, cần hỗ trợ vay ngân hàng 70%. Muốn đi xem nhà mẫu vào cuối tuần này.",[+25] Ngân sách tầm trung 4-10 tỷ | [+15] Nhu cầu sản phẩm phổ biến | [+20] Thời gian quyết định nhanh / Cấp thiết | [+8] Thiện chí tương tác / Cần chính sách vay
336,Phạm Anh Sơn,867106446,65,WARM,Bàn giao theo ca — Phản hồi trong 2 - 4 giờ,"Gửi thông tin dự án, tư vấn gói vay và đặt lịch xem nhà mẫu.","Tìm nhà phố liền kề khu vực nội thành, ưu tiên gần trường học và bệnh viện. Ngân sách 8-10 tỷ. Đang cân nhắc giữa 2 dự án, cần tư vấn thêm về chính sách chiết khấu.",[+25] Ngân sách tầm trung 4-10 tỷ | [+15] Nhu cầu sản phẩm phổ biến | [+12] Đang tìm hiểu / Cần tư vấn thêm | [+8] Thiện chí tương tác / Cần chính sách vay
337,Đỗ Phương Hoa,376453755,80,HOT,Bàn giao ngay — Gọi lại trong vòng 5 - 15 phút,"Top Sales liên hệ trực tiếp, chuẩn bị hồ sơ dự án cao cấp.","Khách hàng VIP, quan tâm biệt thự đơn lập phân khu cao cấp nhất. Ngân sách trên 30 tỷ, thanh toán thẳng. Yêu cầu vị trí ven sông, hướng Đông Nam. Đã từng mua nhiều dự án của tập đoàn.",[+35] Ngân sách VIP >= 20 tỷ / Tài chính mạnh | [+25] Phân khúc siêu cao cấp / Diện tích lớn
338,Ngô Anh Hoa,841004560,55,WARM,Bàn giao theo ca — Phản hồi trong 2 - 4 giờ,"Gửi thông tin dự án, tư vấn gói vay và đặt lịch xem nhà mẫu.","Cần mua đất nền vùng ven (Long An, Đồng Nai) để đầu tư dài hạn. Tài chính 2-3 tỷ. Yêu cầu sổ hồng riêng, không dính quy hoạch.",[+15] Ngân sách phân khúc phổ thông | [+15] Nhu cầu sản phẩm phổ biến | [+10] Yêu cầu pháp lý minh bạch/Sổ riêng
339,Phan Hoàng Cường,389228348,73,WARM,Bàn giao theo ca — Phản hồi trong 2 - 4 giờ,"Gửi thông tin dự án, tư vấn gói vay và đặt lịch xem nhà mẫu.","Quan tâm căn hộ 2PN tại Quận 7 cho gia đình trẻ. Tài chính khoảng 4-5 tỷ, cần hỗ trợ vay ngân hàng 70%. Muốn đi xem nhà mẫu vào cuối tuần này.",[+25] Ngân sách tầm trung 4-10 tỷ | [+15] Nhu cầu sản phẩm phổ biến | [+20] Thời gian quyết định nhanh / Cấp thiết | [+8] Thiện chí tương tác / Cần chính sách vay
340,Phan Hồng Cường,761169947,73,WARM,Bàn giao theo ca — Phản hồi trong 2 - 4 giờ,"Gửi thông tin dự án, tư vấn gói vay và đặt lịch xem nhà mẫu.","Quan tâm căn hộ 2PN tại Quận 7 cho gia đình trẻ. Tài chính khoảng 4-5 tỷ, cần hỗ trợ vay ngân hàng 70%. Muốn đi xem nhà mẫu vào cuối tuần này.",[+25] Ngân sách tầm trung 4-10 tỷ | [+15] Nhu cầu sản phẩm phổ biến | [+20] Thời gian quyết định nhanh / Cấp thiết | [+8] Thiện chí tương tác / Cần chính sách vay
341,Hồ Minh Tuấn,750178246,65,WARM,Bàn giao theo ca — Phản hồi trong 2 - 4 giờ,"Gửi thông tin dự án, tư vấn gói vay và đặt lịch xem nhà mẫu.","Đang tìm thuê mặt bằng kinh doanh spa tại Quận 1, diện tích khoảng 80-100m2. Giá thuê mong muốn dưới 50 triệu/tháng. Cần ký hợp đồng dài hạn.",[+15] Ngân sách phân khúc phổ thông | [+20] Vị trí trung tâm / Đại đô thị cao cấp | [+20] Thời gian quyết định nhanh / Cấp thiết
342,Dương Ngọc Lan,881761398,0,COLD,Hệ thống Nurturing / Drip Marketing (Không gọi ngay),Đưa vào Blacklist hoặc nuôi dưỡng bằng Zalo OA tự động.,"Tìm nhà thuê nguyên căn giá 2 triệu ở trung tâm thành phố. Yêu cầu phi thực tế, thái độ không hợp tác khi tư vấn.",[-40] Không thiện chí/Hỏi cho vui | [-50] Yêu cầu phi thực tế/Ảo tưởng giá
343,Dương Anh Tâm,342191699,65,WARM,Bàn giao theo ca — Phản hồi trong 2 - 4 giờ,"Gửi thông tin dự án, tư vấn gói vay và đặt lịch xem nhà mẫu.","Đang tìm thuê mặt bằng kinh doanh spa tại Quận 1, diện tích khoảng 80-100m2. Giá thuê mong muốn dưới 50 triệu/tháng. Cần ký hợp đồng dài hạn.",[+15] Ngân sách phân khúc phổ thông | [+20] Vị trí trung tâm / Đại đô thị cao cấp | [+20] Thời gian quyết định nhanh / Cấp thiết
344,Phạm Hồng Sơn,930017104,55,WARM,Bàn giao theo ca — Phản hồi trong 2 - 4 giờ,"Gửi thông tin dự án, tư vấn gói vay và đặt lịch xem nhà mẫu.","Cần mua đất nền vùng ven (Long An, Đồng Nai) để đầu tư dài hạn. Tài chính 2-3 tỷ. Yêu cầu sổ hồng riêng, không dính quy hoạch.",[+15] Ngân sách phân khúc phổ thông | [+15] Nhu cầu sản phẩm phổ biến | [+10] Yêu cầu pháp lý minh bạch/Sổ riêng
345,Dương Bảo Trang,375061442,73,WARM,Bàn giao theo ca — Phản hồi trong 2 - 4 giờ,"Gửi thông tin dự án, tư vấn gói vay và đặt lịch xem nhà mẫu.","Quan tâm căn hộ 2PN tại Quận 7 cho gia đình trẻ. Tài chính khoảng 4-5 tỷ, cần hỗ trợ vay ngân hàng 70%. Muốn đi xem nhà mẫu vào cuối tuần này.",[+25] Ngân sách tầm trung 4-10 tỷ | [+15] Nhu cầu sản phẩm phổ biến | [+20] Thời gian quyết định nhanh / Cấp thiết | [+8] Thiện chí tương tác / Cần chính sách vay
346,Hồ Đức Anh,715114675,65,WARM,Bàn giao theo ca — Phản hồi trong 2 - 4 giờ,"Gửi thông tin dự án, tư vấn gói vay và đặt lịch xem nhà mẫu.","Tìm nhà phố liền kề khu vực nội thành, ưu tiên gần trường học và bệnh viện. Ngân sách 8-10 tỷ. Đang cân nhắc giữa 2 dự án, cần tư vấn thêm về chính sách chiết khấu.",[+25] Ngân sách tầm trung 4-10 tỷ | [+15] Nhu cầu sản phẩm phổ biến | [+12] Đang tìm hiểu / Cần tư vấn thêm | [+8] Thiện chí tương tác / Cần chính sách vay
347,Hồ Văn Lan,730945092,55,WARM,Bàn giao theo ca — Phản hồi trong 2 - 4 giờ,"Gửi thông tin dự án, tư vấn gói vay và đặt lịch xem nhà mẫu.","Cần mua đất nền vùng ven (Long An, Đồng Nai) để đầu tư dài hạn. Tài chính 2-3 tỷ. Yêu cầu sổ hồng riêng, không dính quy hoạch.",[+15] Ngân sách phân khúc phổ thông | [+15] Nhu cầu sản phẩm phổ biến | [+10] Yêu cầu pháp lý minh bạch/Sổ riêng
348,Lê Anh Dũng,989263379,80,HOT,Bàn giao ngay — Gọi lại trong vòng 5 - 15 phút,"Top Sales liên hệ trực tiếp, chuẩn bị hồ sơ dự án cao cấp.","Khách hàng VIP, quan tâm biệt thự đơn lập phân khu cao cấp nhất. Ngân sách trên 30 tỷ, thanh toán thẳng. Yêu cầu vị trí ven sông, hướng Đông Nam. Đã từng mua nhiều dự án của tập đoàn.",[+35] Ngân sách VIP >= 20 tỷ / Tài chính mạnh | [+25] Phân khúc siêu cao cấp / Diện tích lớn
349,Đặng Hoàng Anh,890820609,73,WARM,Bàn giao theo ca — Phản hồi trong 2 - 4 giờ,"Gửi thông tin dự án, tư vấn gói vay và đặt lịch xem nhà mẫu.","Quan tâm căn hộ 2PN tại Quận 7 cho gia đình trẻ. Tài chính khoảng 4-5 tỷ, cần hỗ trợ vay ngân hàng 70%. Muốn đi xem nhà mẫu vào cuối tuần này.",[+25] Ngân sách tầm trung 4-10 tỷ | [+15] Nhu cầu sản phẩm phổ biến | [+20] Thời gian quyết định nhanh / Cấp thiết | [+8] Thiện chí tương tác / Cần chính sách vay
350,Ngô Phương Anh,368618015,55,WARM,Bàn giao theo ca — Phản hồi trong 2 - 4 giờ,"Gửi thông tin dự án, tư vấn gói vay và đặt lịch xem nhà mẫu.","Cần mua đất nền vùng ven (Long An, Đồng Nai) để đầu tư dài hạn. Tài chính 2-3 tỷ. Yêu cầu sổ hồng riêng, không dính quy hoạch.",[+15] Ngân sách phân khúc phổ thông | [+15] Nhu cầu sản phẩm phổ biến | [+10] Yêu cầu pháp lý minh bạch/Sổ riêng
351,Hồ Anh Mai,979763233,0,COLD,Hệ thống Nurturing / Drip Marketing (Không gọi ngay),Đưa vào Blacklist hoặc nuôi dưỡng bằng Zalo OA tự động.,"Khách hàng nhầm số, không có nhu cầu về bất động sản. Có vẻ là dữ liệu cũ từ ngành khác trộn vào.",[-50] Dữ liệu rác/Nhầm số
352,Lý Anh Tuấn,739751222,55,WARM,Bàn giao theo ca — Phản hồi trong 2 - 4 giờ,"Gửi thông tin dự án, tư vấn gói vay và đặt lịch xem nhà mẫu.","Cần mua đất nền vùng ven (Long An, Đồng Nai) để đầu tư dài hạn. Tài chính 2-3 tỷ. Yêu cầu sổ hồng riêng, không dính quy hoạch.",[+15] Ngân sách phân khúc phổ thông | [+15] Nhu cầu sản phẩm phổ biến | [+10] Yêu cầu pháp lý minh bạch/Sổ riêng
353,Đặng Bảo Tâm,744252886,0,COLD,Hệ thống Nurturing / Drip Marketing (Không gọi ngay),Đưa vào Blacklist hoặc nuôi dưỡng bằng Zalo OA tự động.,"Số điện thoại hay bị thuê bao, gọi nhiều lần không bắt máy. Nhắn tin Zalo không phản hồi.",[-40] Không liên lạc được/Thuê bao
354,Ngô Văn Hoa,980013047,0,COLD,Hệ thống Nurturing / Drip Marketing (Không gọi ngay),Đưa vào Blacklist hoặc nuôi dưỡng bằng Zalo OA tự động.,"Spam, gọi điện đến chỉ để quảng cáo ngược lại dịch vụ bảo hiểm.",[-80] Spam/Quảng cáo dịch vụ
355,Trần Ngọc Trang,726902292,73,WARM,Bàn giao theo ca — Phản hồi trong 2 - 4 giờ,"Gửi thông tin dự án, tư vấn gói vay và đặt lịch xem nhà mẫu.","Quan tâm căn hộ 2PN tại Quận 7 cho gia đình trẻ. Tài chính khoảng 4-5 tỷ, cần hỗ trợ vay ngân hàng 70%. Muốn đi xem nhà mẫu vào cuối tuần này.",[+25] Ngân sách tầm trung 4-10 tỷ | [+15] Nhu cầu sản phẩm phổ biến | [+20] Thời gian quyết định nhanh / Cấp thiết | [+8] Thiện chí tương tác / Cần chính sách vay
356,Phan Minh Nam,340339395,0,COLD,Hệ thống Nurturing / Drip Marketing (Không gọi ngay),Đưa vào Blacklist hoặc nuôi dưỡng bằng Zalo OA tự động.,"Tìm nhà thuê nguyên căn giá 2 triệu ở trung tâm thành phố. Yêu cầu phi thực tế, thái độ không hợp tác khi tư vấn.",[-40] Không thiện chí/Hỏi cho vui | [-50] Yêu cầu phi thực tế/Ảo tưởng giá
357,Đặng Đức Nam,761785814,73,WARM,Bàn giao theo ca — Phản hồi trong 2 - 4 giờ,"Gửi thông tin dự án, tư vấn gói vay và đặt lịch xem nhà mẫu.","Quan tâm căn hộ 2PN tại Quận 7 cho gia đình trẻ. Tài chính khoảng 4-5 tỷ, cần hỗ trợ vay ngân hàng 70%. Muốn đi xem nhà mẫu vào cuối tuần này.",[+25] Ngân sách tầm trung 4-10 tỷ | [+15] Nhu cầu sản phẩm phổ biến | [+20] Thời gian quyết định nhanh / Cấp thiết | [+8] Thiện chí tương tác / Cần chính sách vay
358,Phạm Hoàng Dũng,379540104,65,WARM,Bàn giao theo ca — Phản hồi trong 2 - 4 giờ,"Gửi thông tin dự án, tư vấn gói vay và đặt lịch xem nhà mẫu.","Tìm nhà phố liền kề khu vực nội thành, ưu tiên gần trường học và bệnh viện. Ngân sách 8-10 tỷ. Đang cân nhắc giữa 2 dự án, cần tư vấn thêm về chính sách chiết khấu.",[+25] Ngân sách tầm trung 4-10 tỷ | [+15] Nhu cầu sản phẩm phổ biến | [+12] Đang tìm hiểu / Cần tư vấn thêm | [+8] Thiện chí tương tác / Cần chính sách vay
359,Đặng Minh Tâm,755482105,65,WARM,Bàn giao theo ca — Phản hồi trong 2 - 4 giờ,"Gửi thông tin dự án, tư vấn gói vay và đặt lịch xem nhà mẫu.","Đang tìm thuê mặt bằng kinh doanh spa tại Quận 1, diện tích khoảng 80-100m2. Giá thuê mong muốn dưới 50 triệu/tháng. Cần ký hợp đồng dài hạn.",[+15] Ngân sách phân khúc phổ thông | [+20] Vị trí trung tâm / Đại đô thị cao cấp | [+20] Thời gian quyết định nhanh / Cấp thiết
360,Lê Văn Dũng,841731645,55,WARM,Bàn giao theo ca — Phản hồi trong 2 - 4 giờ,"Gửi thông tin dự án, tư vấn gói vay và đặt lịch xem nhà mẫu.","Cần mua đất nền vùng ven (Long An, Đồng Nai) để đầu tư dài hạn. Tài chính 2-3 tỷ. Yêu cầu sổ hồng riêng, không dính quy hoạch.",[+15] Ngân sách phân khúc phổ thông | [+15] Nhu cầu sản phẩm phổ biến | [+10] Yêu cầu pháp lý minh bạch/Sổ riêng
361,Đặng Hoàng Mai,826765954,0,COLD,Hệ thống Nurturing / Drip Marketing (Không gọi ngay),Đưa vào Blacklist hoặc nuôi dưỡng bằng Zalo OA tự động.,"Số điện thoại hay bị thuê bao, gọi nhiều lần không bắt máy. Nhắn tin Zalo không phản hồi.",[-40] Không liên lạc được/Thuê bao
362,Đặng Minh Mai,341740716,65,WARM,Bàn giao theo ca — Phản hồi trong 2 - 4 giờ,"Gửi thông tin dự án, tư vấn gói vay và đặt lịch xem nhà mẫu.","Đang tìm thuê mặt bằng kinh doanh spa tại Quận 1, diện tích khoảng 80-100m2. Giá thuê mong muốn dưới 50 triệu/tháng. Cần ký hợp đồng dài hạn.",[+15] Ngân sách phân khúc phổ thông | [+20] Vị trí trung tâm / Đại đô thị cao cấp | [+20] Thời gian quyết định nhanh / Cấp thiết
363,Lê Đức Tâm,749844550,65,WARM,Bàn giao theo ca — Phản hồi trong 2 - 4 giờ,"Gửi thông tin dự án, tư vấn gói vay và đặt lịch xem nhà mẫu.","Đang tìm thuê mặt bằng kinh doanh spa tại Quận 1, diện tích khoảng 80-100m2. Giá thuê mong muốn dưới 50 triệu/tháng. Cần ký hợp đồng dài hạn.",[+15] Ngân sách phân khúc phổ thông | [+20] Vị trí trung tâm / Đại đô thị cao cấp | [+20] Thời gian quyết định nhanh / Cấp thiết
364,Bùi Đức Hùng,869263325,73,WARM,Bàn giao theo ca — Phản hồi trong 2 - 4 giờ,"Gửi thông tin dự án, tư vấn gói vay và đặt lịch xem nhà mẫu.","Quan tâm căn hộ 2PN tại Quận 7 cho gia đình trẻ. Tài chính khoảng 4-5 tỷ, cần hỗ trợ vay ngân hàng 70%. Muốn đi xem nhà mẫu vào cuối tuần này.",[+25] Ngân sách tầm trung 4-10 tỷ | [+15] Nhu cầu sản phẩm phổ biến | [+20] Thời gian quyết định nhanh / Cấp thiết | [+8] Thiện chí tương tác / Cần chính sách vay
365,Lê Văn Dũng,854800962,80,HOT,Bàn giao ngay — Gọi lại trong vòng 5 - 15 phút,"Top Sales liên hệ trực tiếp, chuẩn bị hồ sơ dự án cao cấp.","Khách hàng VIP, quan tâm biệt thự đơn lập phân khu cao cấp nhất. Ngân sách trên 30 tỷ, thanh toán thẳng. Yêu cầu vị trí ven sông, hướng Đông Nam. Đã từng mua nhiều dự án của tập đoàn.",[+35] Ngân sách VIP >= 20 tỷ / Tài chính mạnh | [+25] Phân khúc siêu cao cấp / Diện tích lớn
366,Đặng Hồng Sơn,992007691,0,COLD,Hệ thống Nurturing / Drip Marketing (Không gọi ngay),Đưa vào Blacklist hoặc nuôi dưỡng bằng Zalo OA tự động.,"Spam, gọi điện đến chỉ để quảng cáo ngược lại dịch vụ bảo hiểm.",[-80] Spam/Quảng cáo dịch vụ
367,Đỗ Anh Hùng,897456777,55,WARM,Bàn giao theo ca — Phản hồi trong 2 - 4 giờ,"Gửi thông tin dự án, tư vấn gói vay và đặt lịch xem nhà mẫu.","Cần mua đất nền vùng ven (Long An, Đồng Nai) để đầu tư dài hạn. Tài chính 2-3 tỷ. Yêu cầu sổ hồng riêng, không dính quy hoạch.",[+15] Ngân sách phân khúc phổ thông | [+15] Nhu cầu sản phẩm phổ biến | [+10] Yêu cầu pháp lý minh bạch/Sổ riêng
368,Hồ Bảo Anh,782547679,65,WARM,Bàn giao theo ca — Phản hồi trong 2 - 4 giờ,"Gửi thông tin dự án, tư vấn gói vay và đặt lịch xem nhà mẫu.","Tìm nhà phố liền kề khu vực nội thành, ưu tiên gần trường học và bệnh viện. Ngân sách 8-10 tỷ. Đang cân nhắc giữa 2 dự án, cần tư vấn thêm về chính sách chiết khấu.",[+25] Ngân sách tầm trung 4-10 tỷ | [+15] Nhu cầu sản phẩm phổ biến | [+12] Đang tìm hiểu / Cần tư vấn thêm | [+8] Thiện chí tương tác / Cần chính sách vay
369,Đỗ Anh Tuấn,844576925,0,COLD,Hệ thống Nurturing / Drip Marketing (Không gọi ngay),Đưa vào Blacklist hoặc nuôi dưỡng bằng Zalo OA tự động.,"Tìm nhà thuê nguyên căn giá 2 triệu ở trung tâm thành phố. Yêu cầu phi thực tế, thái độ không hợp tác khi tư vấn.",[-40] Không thiện chí/Hỏi cho vui | [-50] Yêu cầu phi thực tế/Ảo tưởng giá
370,Nguyễn Thị Hùng,841619062,65,WARM,Bàn giao theo ca — Phản hồi trong 2 - 4 giờ,"Gửi thông tin dự án, tư vấn gói vay và đặt lịch xem nhà mẫu.","Đang tìm thuê mặt bằng kinh doanh spa tại Quận 1, diện tích khoảng 80-100m2. Giá thuê mong muốn dưới 50 triệu/tháng. Cần ký hợp đồng dài hạn.",[+15] Ngân sách phân khúc phổ thông | [+20] Vị trí trung tâm / Đại đô thị cao cấp | [+20] Thời gian quyết định nhanh / Cấp thiết
371,Đỗ Ngọc Mai,991647451,55,WARM,Bàn giao theo ca — Phản hồi trong 2 - 4 giờ,"Gửi thông tin dự án, tư vấn gói vay và đặt lịch xem nhà mẫu.","Cần mua đất nền vùng ven (Long An, Đồng Nai) để đầu tư dài hạn. Tài chính 2-3 tỷ. Yêu cầu sổ hồng riêng, không dính quy hoạch.",[+15] Ngân sách phân khúc phổ thông | [+15] Nhu cầu sản phẩm phổ biến | [+10] Yêu cầu pháp lý minh bạch/Sổ riêng
372,Dương Minh Tuấn,848180489,80,HOT,Bàn giao ngay — Gọi lại trong vòng 5 - 15 phút,"Top Sales liên hệ trực tiếp, chuẩn bị hồ sơ dự án cao cấp.","Khách hàng tìm mua Penthouse diện tích lớn, yêu cầu có hồ bơi riêng và thang máy riêng. Ngân sách không thành vấn đề, quan trọng là đẳng cấp và sự riêng tư.",[+35] Ngân sách VIP >= 20 tỷ / Tài chính mạnh | [+25] Phân khúc siêu cao cấp / Diện tích lớn
373,Vũ Phương Nam,865243487,55,WARM,Bàn giao theo ca — Phản hồi trong 2 - 4 giờ,"Gửi thông tin dự án, tư vấn gói vay và đặt lịch xem nhà mẫu.","Cần mua đất nền vùng ven (Long An, Đồng Nai) để đầu tư dài hạn. Tài chính 2-3 tỷ. Yêu cầu sổ hồng riêng, không dính quy hoạch.",[+15] Ngân sách phân khúc phổ thông | [+15] Nhu cầu sản phẩm phổ biến | [+10] Yêu cầu pháp lý minh bạch/Sổ riêng
374,Hồ Hoàng Anh,785594383,0,COLD,Hệ thống Nurturing / Drip Marketing (Không gọi ngay),Đưa vào Blacklist hoặc nuôi dưỡng bằng Zalo OA tự động.,"Khách hàng nhầm số, không có nhu cầu về bất động sản. Có vẻ là dữ liệu cũ từ ngành khác trộn vào.",[-50] Dữ liệu rác/Nhầm số
375,Trần Đức Linh,733746094,55,WARM,Bàn giao theo ca — Phản hồi trong 2 - 4 giờ,"Gửi thông tin dự án, tư vấn gói vay và đặt lịch xem nhà mẫu.","Cần mua đất nền vùng ven (Long An, Đồng Nai) để đầu tư dài hạn. Tài chính 2-3 tỷ. Yêu cầu sổ hồng riêng, không dính quy hoạch.",[+15] Ngân sách phân khúc phổ thông | [+15] Nhu cầu sản phẩm phổ biến | [+10] Yêu cầu pháp lý minh bạch/Sổ riêng
376,Phạm Phương Mai,735260561,0,COLD,Hệ thống Nurturing / Drip Marketing (Không gọi ngay),Đưa vào Blacklist hoặc nuôi dưỡng bằng Zalo OA tự động.,"Khách hàng nhầm số, không có nhu cầu về bất động sản. Có vẻ là dữ liệu cũ từ ngành khác trộn vào.",[-50] Dữ liệu rác/Nhầm số
377,Vũ Bảo Dũng,923570724,73,WARM,Bàn giao theo ca — Phản hồi trong 2 - 4 giờ,"Gửi thông tin dự án, tư vấn gói vay và đặt lịch xem nhà mẫu.","Quan tâm căn hộ 2PN tại Quận 7 cho gia đình trẻ. Tài chính khoảng 4-5 tỷ, cần hỗ trợ vay ngân hàng 70%. Muốn đi xem nhà mẫu vào cuối tuần này.",[+25] Ngân sách tầm trung 4-10 tỷ | [+15] Nhu cầu sản phẩm phổ biến | [+20] Thời gian quyết định nhanh / Cấp thiết | [+8] Thiện chí tương tác / Cần chính sách vay
378,Vũ Hoàng Dũng,312016479,65,WARM,Bàn giao theo ca — Phản hồi trong 2 - 4 giờ,"Gửi thông tin dự án, tư vấn gói vay và đặt lịch xem nhà mẫu.","Tìm nhà phố liền kề khu vực nội thành, ưu tiên gần trường học và bệnh viện. Ngân sách 8-10 tỷ. Đang cân nhắc giữa 2 dự án, cần tư vấn thêm về chính sách chiết khấu.",[+25] Ngân sách tầm trung 4-10 tỷ | [+15] Nhu cầu sản phẩm phổ biến | [+12] Đang tìm hiểu / Cần tư vấn thêm | [+8] Thiện chí tương tác / Cần chính sách vay
379,Trần Phương Tuấn,775401685,0,COLD,Hệ thống Nurturing / Drip Marketing (Không gọi ngay),Đưa vào Blacklist hoặc nuôi dưỡng bằng Zalo OA tự động.,"Số điện thoại hay bị thuê bao, gọi nhiều lần không bắt máy. Nhắn tin Zalo không phản hồi.",[-40] Không liên lạc được/Thuê bao
380,Đỗ Hồng Dũng,392004335,0,COLD,Hệ thống Nurturing / Drip Marketing (Không gọi ngay),Đưa vào Blacklist hoặc nuôi dưỡng bằng Zalo OA tự động.,"Khách hàng nhầm số, không có nhu cầu về bất động sản. Có vẻ là dữ liệu cũ từ ngành khác trộn vào.",[-50] Dữ liệu rác/Nhầm số
381,Phạm Văn Hùng,724412413,65,WARM,Bàn giao theo ca — Phản hồi trong 2 - 4 giờ,"Gửi thông tin dự án, tư vấn gói vay và đặt lịch xem nhà mẫu.","Tìm nhà phố liền kề khu vực nội thành, ưu tiên gần trường học và bệnh viện. Ngân sách 8-10 tỷ. Đang cân nhắc giữa 2 dự án, cần tư vấn thêm về chính sách chiết khấu.",[+25] Ngân sách tầm trung 4-10 tỷ | [+15] Nhu cầu sản phẩm phổ biến | [+12] Đang tìm hiểu / Cần tư vấn thêm | [+8] Thiện chí tương tác / Cần chính sách vay
382,Dương Hồng Sơn,964975091,65,WARM,Bàn giao theo ca — Phản hồi trong 2 - 4 giờ,"Gửi thông tin dự án, tư vấn gói vay và đặt lịch xem nhà mẫu.","Tìm nhà phố liền kề khu vực nội thành, ưu tiên gần trường học và bệnh viện. Ngân sách 8-10 tỷ. Đang cân nhắc giữa 2 dự án, cần tư vấn thêm về chính sách chiết khấu.",[+25] Ngân sách tầm trung 4-10 tỷ | [+15] Nhu cầu sản phẩm phổ biến | [+12] Đang tìm hiểu / Cần tư vấn thêm | [+8] Thiện chí tương tác / Cần chính sách vay
383,Lê Ngọc Trang,331349071,55,WARM,Bàn giao theo ca — Phản hồi trong 2 - 4 giờ,"Gửi thông tin dự án, tư vấn gói vay và đặt lịch xem nhà mẫu.","Cần mua đất nền vùng ven (Long An, Đồng Nai) để đầu tư dài hạn. Tài chính 2-3 tỷ. Yêu cầu sổ hồng riêng, không dính quy hoạch.",[+15] Ngân sách phân khúc phổ thông | [+15] Nhu cầu sản phẩm phổ biến | [+10] Yêu cầu pháp lý minh bạch/Sổ riêng
384,Lý Phương Hoa,934920402,0,COLD,Hệ thống Nurturing / Drip Marketing (Không gọi ngay),Đưa vào Blacklist hoặc nuôi dưỡng bằng Zalo OA tự động.,"Số điện thoại hay bị thuê bao, gọi nhiều lần không bắt máy. Nhắn tin Zalo không phản hồi.",[-40] Không liên lạc được/Thuê bao
385,Lý Hoàng Sơn,312932862,73,WARM,Bàn giao theo ca — Phản hồi trong 2 - 4 giờ,"Gửi thông tin dự án, tư vấn gói vay và đặt lịch xem nhà mẫu.","Quan tâm căn hộ 2PN tại Quận 7 cho gia đình trẻ. Tài chính khoảng 4-5 tỷ, cần hỗ trợ vay ngân hàng 70%. Muốn đi xem nhà mẫu vào cuối tuần này.",[+25] Ngân sách tầm trung 4-10 tỷ | [+15] Nhu cầu sản phẩm phổ biến | [+20] Thời gian quyết định nhanh / Cấp thiết | [+8] Thiện chí tương tác / Cần chính sách vay
386,Bùi Đức Dũng,334452287,73,WARM,Bàn giao theo ca — Phản hồi trong 2 - 4 giờ,"Gửi thông tin dự án, tư vấn gói vay và đặt lịch xem nhà mẫu.","Quan tâm căn hộ 2PN tại Quận 7 cho gia đình trẻ. Tài chính khoảng 4-5 tỷ, cần hỗ trợ vay ngân hàng 70%. Muốn đi xem nhà mẫu vào cuối tuần này.",[+25] Ngân sách tầm trung 4-10 tỷ | [+15] Nhu cầu sản phẩm phổ biến | [+20] Thời gian quyết định nhanh / Cấp thiết | [+8] Thiện chí tương tác / Cần chính sách vay
387,Lê Ngọc Mai,372407018,55,WARM,Bàn giao theo ca — Phản hồi trong 2 - 4 giờ,"Gửi thông tin dự án, tư vấn gói vay và đặt lịch xem nhà mẫu.","Cần mua đất nền vùng ven (Long An, Đồng Nai) để đầu tư dài hạn. Tài chính 2-3 tỷ. Yêu cầu sổ hồng riêng, không dính quy hoạch.",[+15] Ngân sách phân khúc phổ thông | [+15] Nhu cầu sản phẩm phổ biến | [+10] Yêu cầu pháp lý minh bạch/Sổ riêng
388,Bùi Bảo Sơn,353886583,0,COLD,Hệ thống Nurturing / Drip Marketing (Không gọi ngay),Đưa vào Blacklist hoặc nuôi dưỡng bằng Zalo OA tự động.,"Hỏi giá cho vui, chưa có ý định mua trong năm nay. Ngân sách rất thấp so với mặt bằng chung (đòi mua nhà Q1 giá 1 tỷ).",[-40] Không thiện chí/Hỏi cho vui | [-50] Yêu cầu phi thực tế/Ảo tưởng giá
389,Trần Đức Tuấn,334405704,65,WARM,Bàn giao theo ca — Phản hồi trong 2 - 4 giờ,"Gửi thông tin dự án, tư vấn gói vay và đặt lịch xem nhà mẫu.","Tìm nhà phố liền kề khu vực nội thành, ưu tiên gần trường học và bệnh viện. Ngân sách 8-10 tỷ. Đang cân nhắc giữa 2 dự án, cần tư vấn thêm về chính sách chiết khấu.",[+25] Ngân sách tầm trung 4-10 tỷ | [+15] Nhu cầu sản phẩm phổ biến | [+12] Đang tìm hiểu / Cần tư vấn thêm | [+8] Thiện chí tương tác / Cần chính sách vay
390,Lý Hoàng Tuấn,916909927,55,WARM,Bàn giao theo ca — Phản hồi trong 2 - 4 giờ,"Gửi thông tin dự án, tư vấn gói vay và đặt lịch xem nhà mẫu.","Cần mua đất nền vùng ven (Long An, Đồng Nai) để đầu tư dài hạn. Tài chính 2-3 tỷ. Yêu cầu sổ hồng riêng, không dính quy hoạch.",[+15] Ngân sách phân khúc phổ thông | [+15] Nhu cầu sản phẩm phổ biến | [+10] Yêu cầu pháp lý minh bạch/Sổ riêng
391,Vũ Minh Mai,829115034,65,WARM,Bàn giao theo ca — Phản hồi trong 2 - 4 giờ,"Gửi thông tin dự án, tư vấn gói vay và đặt lịch xem nhà mẫu.","Tìm nhà phố liền kề khu vực nội thành, ưu tiên gần trường học và bệnh viện. Ngân sách 8-10 tỷ. Đang cân nhắc giữa 2 dự án, cần tư vấn thêm về chính sách chiết khấu.",[+25] Ngân sách tầm trung 4-10 tỷ | [+15] Nhu cầu sản phẩm phổ biến | [+12] Đang tìm hiểu / Cần tư vấn thêm | [+8] Thiện chí tương tác / Cần chính sách vay
392,Trần Ngọc Sơn,366401723,65,WARM,Bàn giao theo ca — Phản hồi trong 2 - 4 giờ,"Gửi thông tin dự án, tư vấn gói vay và đặt lịch xem nhà mẫu.","Đang tìm thuê mặt bằng kinh doanh spa tại Quận 1, diện tích khoảng 80-100m2. Giá thuê mong muốn dưới 50 triệu/tháng. Cần ký hợp đồng dài hạn.",[+15] Ngân sách phân khúc phổ thông | [+20] Vị trí trung tâm / Đại đô thị cao cấp | [+20] Thời gian quyết định nhanh / Cấp thiết
393,Bùi Hoàng Cường,732263198,55,WARM,Bàn giao theo ca — Phản hồi trong 2 - 4 giờ,"Gửi thông tin dự án, tư vấn gói vay và đặt lịch xem nhà mẫu.","Cần mua đất nền vùng ven (Long An, Đồng Nai) để đầu tư dài hạn. Tài chính 2-3 tỷ. Yêu cầu sổ hồng riêng, không dính quy hoạch.",[+15] Ngân sách phân khúc phổ thông | [+15] Nhu cầu sản phẩm phổ biến | [+10] Yêu cầu pháp lý minh bạch/Sổ riêng
394,Trần Thị Tuấn,317941960,0,COLD,Hệ thống Nurturing / Drip Marketing (Không gọi ngay),Đưa vào Blacklist hoặc nuôi dưỡng bằng Zalo OA tự động.,"Khách hàng nhầm số, không có nhu cầu về bất động sản. Có vẻ là dữ liệu cũ từ ngành khác trộn vào.",[-50] Dữ liệu rác/Nhầm số
395,Nguyễn Thị Cường,865000449,65,WARM,Bàn giao theo ca — Phản hồi trong 2 - 4 giờ,"Gửi thông tin dự án, tư vấn gói vay và đặt lịch xem nhà mẫu.","Tìm nhà phố liền kề khu vực nội thành, ưu tiên gần trường học và bệnh viện. Ngân sách 8-10 tỷ. Đang cân nhắc giữa 2 dự án, cần tư vấn thêm về chính sách chiết khấu.",[+25] Ngân sách tầm trung 4-10 tỷ | [+15] Nhu cầu sản phẩm phổ biến | [+12] Đang tìm hiểu / Cần tư vấn thêm | [+8] Thiện chí tương tác / Cần chính sách vay
396,Đỗ Phương Mai,910203735,73,WARM,Bàn giao theo ca — Phản hồi trong 2 - 4 giờ,"Gửi thông tin dự án, tư vấn gói vay và đặt lịch xem nhà mẫu.","Quan tâm căn hộ 2PN tại Quận 7 cho gia đình trẻ. Tài chính khoảng 4-5 tỷ, cần hỗ trợ vay ngân hàng 70%. Muốn đi xem nhà mẫu vào cuối tuần này.",[+25] Ngân sách tầm trung 4-10 tỷ | [+15] Nhu cầu sản phẩm phổ biến | [+20] Thời gian quyết định nhanh / Cấp thiết | [+8] Thiện chí tương tác / Cần chính sách vay
397,Phạm Ngọc Dũng,871498866,0,COLD,Hệ thống Nurturing / Drip Marketing (Không gọi ngay),Đưa vào Blacklist hoặc nuôi dưỡng bằng Zalo OA tự động.,"Số điện thoại hay bị thuê bao, gọi nhiều lần không bắt máy. Nhắn tin Zalo không phản hồi.",[-40] Không liên lạc được/Thuê bao
398,Hồ Bảo Quân,850247350,73,WARM,Bàn giao theo ca — Phản hồi trong 2 - 4 giờ,"Gửi thông tin dự án, tư vấn gói vay và đặt lịch xem nhà mẫu.","Quan tâm căn hộ 2PN tại Quận 7 cho gia đình trẻ. Tài chính khoảng 4-5 tỷ, cần hỗ trợ vay ngân hàng 70%. Muốn đi xem nhà mẫu vào cuối tuần này.",[+25] Ngân sách tầm trung 4-10 tỷ | [+15] Nhu cầu sản phẩm phổ biến | [+20] Thời gian quyết định nhanh / Cấp thiết | [+8] Thiện chí tương tác / Cần chính sách vay
399,Lý Bảo Anh,963430208,0,COLD,Hệ thống Nurturing / Drip Marketing (Không gọi ngay),Đưa vào Blacklist hoặc nuôi dưỡng bằng Zalo OA tự động.,"Khách hàng nhầm số, không có nhu cầu về bất động sản. Có vẻ là dữ liệu cũ từ ngành khác trộn vào.",[-50] Dữ liệu rác/Nhầm số
400,Lý Hoàng Tâm,941390152,73,WARM,Bàn giao theo ca — Phản hồi trong 2 - 4 giờ,"Gửi thông tin dự án, tư vấn gói vay và đặt lịch xem nhà mẫu.","Quan tâm căn hộ 2PN tại Quận 7 cho gia đình trẻ. Tài chính khoảng 4-5 tỷ, cần hỗ trợ vay ngân hàng 70%. Muốn đi xem nhà mẫu vào cuối tuần này.",[+25] Ngân sách tầm trung 4-10 tỷ | [+15] Nhu cầu sản phẩm phổ biến | [+20] Thời gian quyết định nhanh / Cấp thiết | [+8] Thiện chí tương tác / Cần chính sách vay
401,Trần Đức Linh,992570395,0,COLD,Hệ thống Nurturing / Drip Marketing (Không gọi ngay),Đưa vào Blacklist hoặc nuôi dưỡng bằng Zalo OA tự động.,"Khách hàng nhầm số, không có nhu cầu về bất động sản. Có vẻ là dữ liệu cũ từ ngành khác trộn vào.",[-50] Dữ liệu rác/Nhầm số
402,Hồ Hoàng Hoa,381286734,55,WARM,Bàn giao theo ca — Phản hồi trong 2 - 4 giờ,"Gửi thông tin dự án, tư vấn gói vay và đặt lịch xem nhà mẫu.","Cần mua đất nền vùng ven (Long An, Đồng Nai) để đầu tư dài hạn. Tài chính 2-3 tỷ. Yêu cầu sổ hồng riêng, không dính quy hoạch.",[+15] Ngân sách phân khúc phổ thông | [+15] Nhu cầu sản phẩm phổ biến | [+10] Yêu cầu pháp lý minh bạch/Sổ riêng
403,Ngô Văn Trang,924681117,73,WARM,Bàn giao theo ca — Phản hồi trong 2 - 4 giờ,"Gửi thông tin dự án, tư vấn gói vay và đặt lịch xem nhà mẫu.","Quan tâm căn hộ 2PN tại Quận 7 cho gia đình trẻ. Tài chính khoảng 4-5 tỷ, cần hỗ trợ vay ngân hàng 70%. Muốn đi xem nhà mẫu vào cuối tuần này.",[+25] Ngân sách tầm trung 4-10 tỷ | [+15] Nhu cầu sản phẩm phổ biến | [+20] Thời gian quyết định nhanh / Cấp thiết | [+8] Thiện chí tương tác / Cần chính sách vay
404,Phan Ngọc Sơn,765409140,65,WARM,Bàn giao theo ca — Phản hồi trong 2 - 4 giờ,"Gửi thông tin dự án, tư vấn gói vay và đặt lịch xem nhà mẫu.","Đang tìm thuê mặt bằng kinh doanh spa tại Quận 1, diện tích khoảng 80-100m2. Giá thuê mong muốn dưới 50 triệu/tháng. Cần ký hợp đồng dài hạn.",[+15] Ngân sách phân khúc phổ thông | [+20] Vị trí trung tâm / Đại đô thị cao cấp | [+20] Thời gian quyết định nhanh / Cấp thiết
405,Hồ Minh Sơn,363174622,73,WARM,Bàn giao theo ca — Phản hồi trong 2 - 4 giờ,"Gửi thông tin dự án, tư vấn gói vay và đặt lịch xem nhà mẫu.","Quan tâm căn hộ 2PN tại Quận 7 cho gia đình trẻ. Tài chính khoảng 4-5 tỷ, cần hỗ trợ vay ngân hàng 70%. Muốn đi xem nhà mẫu vào cuối tuần này.",[+25] Ngân sách tầm trung 4-10 tỷ | [+15] Nhu cầu sản phẩm phổ biến | [+20] Thời gian quyết định nhanh / Cấp thiết | [+8] Thiện chí tương tác / Cần chính sách vay
406,Phan Bảo Mai,715396084,0,COLD,Hệ thống Nurturing / Drip Marketing (Không gọi ngay),Đưa vào Blacklist hoặc nuôi dưỡng bằng Zalo OA tự động.,"Tìm nhà thuê nguyên căn giá 2 triệu ở trung tâm thành phố. Yêu cầu phi thực tế, thái độ không hợp tác khi tư vấn.",[-40] Không thiện chí/Hỏi cho vui | [-50] Yêu cầu phi thực tế/Ảo tưởng giá
407,Ngô Thị Linh,835256254,0,COLD,Hệ thống Nurturing / Drip Marketing (Không gọi ngay),Đưa vào Blacklist hoặc nuôi dưỡng bằng Zalo OA tự động.,"Hỏi giá cho vui, chưa có ý định mua trong năm nay. Ngân sách rất thấp so với mặt bằng chung (đòi mua nhà Q1 giá 1 tỷ).",[-40] Không thiện chí/Hỏi cho vui | [-50] Yêu cầu phi thực tế/Ảo tưởng giá
408,Trần Hồng Trang,781616183,73,WARM,Bàn giao theo ca — Phản hồi trong 2 - 4 giờ,"Gửi thông tin dự án, tư vấn gói vay và đặt lịch xem nhà mẫu.","Quan tâm căn hộ 2PN tại Quận 7 cho gia đình trẻ. Tài chính khoảng 4-5 tỷ, cần hỗ trợ vay ngân hàng 70%. Muốn đi xem nhà mẫu vào cuối tuần này.",[+25] Ngân sách tầm trung 4-10 tỷ | [+15] Nhu cầu sản phẩm phổ biến | [+20] Thời gian quyết định nhanh / Cấp thiết | [+8] Thiện chí tương tác / Cần chính sách vay
409,Lê Hồng Trang,769425692,65,WARM,Bàn giao theo ca — Phản hồi trong 2 - 4 giờ,"Gửi thông tin dự án, tư vấn gói vay và đặt lịch xem nhà mẫu.","Tìm nhà phố liền kề khu vực nội thành, ưu tiên gần trường học và bệnh viện. Ngân sách 8-10 tỷ. Đang cân nhắc giữa 2 dự án, cần tư vấn thêm về chính sách chiết khấu.",[+25] Ngân sách tầm trung 4-10 tỷ | [+15] Nhu cầu sản phẩm phổ biến | [+12] Đang tìm hiểu / Cần tư vấn thêm | [+8] Thiện chí tương tác / Cần chính sách vay
410,Nguyễn Anh Trang,790680474,55,WARM,Bàn giao theo ca — Phản hồi trong 2 - 4 giờ,"Gửi thông tin dự án, tư vấn gói vay và đặt lịch xem nhà mẫu.","Cần mua đất nền vùng ven (Long An, Đồng Nai) để đầu tư dài hạn. Tài chính 2-3 tỷ. Yêu cầu sổ hồng riêng, không dính quy hoạch.",[+15] Ngân sách phân khúc phổ thông | [+15] Nhu cầu sản phẩm phổ biến | [+10] Yêu cầu pháp lý minh bạch/Sổ riêng
411,Lý Minh Hoa,955617574,73,WARM,Bàn giao theo ca — Phản hồi trong 2 - 4 giờ,"Gửi thông tin dự án, tư vấn gói vay và đặt lịch xem nhà mẫu.","Quan tâm căn hộ 2PN tại Quận 7 cho gia đình trẻ. Tài chính khoảng 4-5 tỷ, cần hỗ trợ vay ngân hàng 70%. Muốn đi xem nhà mẫu vào cuối tuần này.",[+25] Ngân sách tầm trung 4-10 tỷ | [+15] Nhu cầu sản phẩm phổ biến | [+20] Thời gian quyết định nhanh / Cấp thiết | [+8] Thiện chí tương tác / Cần chính sách vay
412,Bùi Hồng Quân,842429681,0,COLD,Hệ thống Nurturing / Drip Marketing (Không gọi ngay),Đưa vào Blacklist hoặc nuôi dưỡng bằng Zalo OA tự động.,"Spam, gọi điện đến chỉ để quảng cáo ngược lại dịch vụ bảo hiểm.",[-80] Spam/Quảng cáo dịch vụ
413,Nguyễn Thị Lan,938945241,73,WARM,Bàn giao theo ca — Phản hồi trong 2 - 4 giờ,"Gửi thông tin dự án, tư vấn gói vay và đặt lịch xem nhà mẫu.","Quan tâm căn hộ 2PN tại Quận 7 cho gia đình trẻ. Tài chính khoảng 4-5 tỷ, cần hỗ trợ vay ngân hàng 70%. Muốn đi xem nhà mẫu vào cuối tuần này.",[+25] Ngân sách tầm trung 4-10 tỷ | [+15] Nhu cầu sản phẩm phổ biến | [+20] Thời gian quyết định nhanh / Cấp thiết | [+8] Thiện chí tương tác / Cần chính sách vay
414,Lý Thị Tuấn,754661216,65,WARM,Bàn giao theo ca — Phản hồi trong 2 - 4 giờ,"Gửi thông tin dự án, tư vấn gói vay và đặt lịch xem nhà mẫu.","Tìm nhà phố liền kề khu vực nội thành, ưu tiên gần trường học và bệnh viện. Ngân sách 8-10 tỷ. Đang cân nhắc giữa 2 dự án, cần tư vấn thêm về chính sách chiết khấu.",[+25] Ngân sách tầm trung 4-10 tỷ | [+15] Nhu cầu sản phẩm phổ biến | [+12] Đang tìm hiểu / Cần tư vấn thêm | [+8] Thiện chí tương tác / Cần chính sách vay
415,Lý Bảo Quân,342995463,55,WARM,Bàn giao theo ca — Phản hồi trong 2 - 4 giờ,"Gửi thông tin dự án, tư vấn gói vay và đặt lịch xem nhà mẫu.","Cần mua đất nền vùng ven (Long An, Đồng Nai) để đầu tư dài hạn. Tài chính 2-3 tỷ. Yêu cầu sổ hồng riêng, không dính quy hoạch.",[+15] Ngân sách phân khúc phổ thông | [+15] Nhu cầu sản phẩm phổ biến | [+10] Yêu cầu pháp lý minh bạch/Sổ riêng
416,Đỗ Hoàng Hoa,960527789,0,COLD,Hệ thống Nurturing / Drip Marketing (Không gọi ngay),Đưa vào Blacklist hoặc nuôi dưỡng bằng Zalo OA tự động.,"Hỏi giá cho vui, chưa có ý định mua trong năm nay. Ngân sách rất thấp so với mặt bằng chung (đòi mua nhà Q1 giá 1 tỷ).",[-40] Không thiện chí/Hỏi cho vui | [-50] Yêu cầu phi thực tế/Ảo tưởng giá
417,Phạm Ngọc Trang,743815014,90,HOT,Bàn giao ngay — Gọi lại trong vòng 5 - 15 phút,"Top Sales liên hệ trực tiếp, chuẩn bị hồ sơ dự án cao cấp.","Chủ doanh nghiệp lớn, cần tìm quỹ đất công nghiệp hoặc sàn văn phòng diện tích trên 2000m2 tại khu Đông. Tài chính cực mạnh, yêu cầu pháp lý chuẩn 100%.",[+35] Ngân sách VIP >= 20 tỷ / Tài chính mạnh | [+25] Phân khúc siêu cao cấp / Diện tích lớn | [+15] Chân dung VIP (Chủ DN / Mua sỉ)
418,Hồ Anh Tuấn,332112396,0,COLD,Hệ thống Nurturing / Drip Marketing (Không gọi ngay),Đưa vào Blacklist hoặc nuôi dưỡng bằng Zalo OA tự động.,"Khách hàng nhầm số, không có nhu cầu về bất động sản. Có vẻ là dữ liệu cũ từ ngành khác trộn vào.",[-50] Dữ liệu rác/Nhầm số
419,Trần Thị Mai,751235639,65,WARM,Bàn giao theo ca — Phản hồi trong 2 - 4 giờ,"Gửi thông tin dự án, tư vấn gói vay và đặt lịch xem nhà mẫu.","Đang tìm thuê mặt bằng kinh doanh spa tại Quận 1, diện tích khoảng 80-100m2. Giá thuê mong muốn dưới 50 triệu/tháng. Cần ký hợp đồng dài hạn.",[+15] Ngân sách phân khúc phổ thông | [+20] Vị trí trung tâm / Đại đô thị cao cấp | [+20] Thời gian quyết định nhanh / Cấp thiết
420,Dương Hoàng Anh,943229439,0,COLD,Hệ thống Nurturing / Drip Marketing (Không gọi ngay),Đưa vào Blacklist hoặc nuôi dưỡng bằng Zalo OA tự động.,"Spam, gọi điện đến chỉ để quảng cáo ngược lại dịch vụ bảo hiểm.",[-80] Spam/Quảng cáo dịch vụ
421,Đặng Hồng Cường,889904401,0,COLD,Hệ thống Nurturing / Drip Marketing (Không gọi ngay),Đưa vào Blacklist hoặc nuôi dưỡng bằng Zalo OA tự động.,"Số điện thoại hay bị thuê bao, gọi nhiều lần không bắt máy. Nhắn tin Zalo không phản hồi.",[-40] Không liên lạc được/Thuê bao
422,Lý Bảo Hùng,985879385,65,WARM,Bàn giao theo ca — Phản hồi trong 2 - 4 giờ,"Gửi thông tin dự án, tư vấn gói vay và đặt lịch xem nhà mẫu.","Tìm nhà phố liền kề khu vực nội thành, ưu tiên gần trường học và bệnh viện. Ngân sách 8-10 tỷ. Đang cân nhắc giữa 2 dự án, cần tư vấn thêm về chính sách chiết khấu.",[+25] Ngân sách tầm trung 4-10 tỷ | [+15] Nhu cầu sản phẩm phổ biến | [+12] Đang tìm hiểu / Cần tư vấn thêm | [+8] Thiện chí tương tác / Cần chính sách vay
423,Đỗ Ngọc Quân,795783409,65,WARM,Bàn giao theo ca — Phản hồi trong 2 - 4 giờ,"Gửi thông tin dự án, tư vấn gói vay và đặt lịch xem nhà mẫu.","Đang tìm thuê mặt bằng kinh doanh spa tại Quận 1, diện tích khoảng 80-100m2. Giá thuê mong muốn dưới 50 triệu/tháng. Cần ký hợp đồng dài hạn.",[+15] Ngân sách phân khúc phổ thông | [+20] Vị trí trung tâm / Đại đô thị cao cấp | [+20] Thời gian quyết định nhanh / Cấp thiết
424,Phạm Minh Nam,838441690,0,COLD,Hệ thống Nurturing / Drip Marketing (Không gọi ngay),Đưa vào Blacklist hoặc nuôi dưỡng bằng Zalo OA tự động.,"Khách hàng nhầm số, không có nhu cầu về bất động sản. Có vẻ là dữ liệu cũ từ ngành khác trộn vào.",[-50] Dữ liệu rác/Nhầm số
425,Phan Phương Linh,756303868,65,WARM,Bàn giao theo ca — Phản hồi trong 2 - 4 giờ,"Gửi thông tin dự án, tư vấn gói vay và đặt lịch xem nhà mẫu.","Tìm nhà phố liền kề khu vực nội thành, ưu tiên gần trường học và bệnh viện. Ngân sách 8-10 tỷ. Đang cân nhắc giữa 2 dự án, cần tư vấn thêm về chính sách chiết khấu.",[+25] Ngân sách tầm trung 4-10 tỷ | [+15] Nhu cầu sản phẩm phổ biến | [+12] Đang tìm hiểu / Cần tư vấn thêm | [+8] Thiện chí tương tác / Cần chính sách vay
426,Trần Bảo Dũng,829976671,65,WARM,Bàn giao theo ca — Phản hồi trong 2 - 4 giờ,"Gửi thông tin dự án, tư vấn gói vay và đặt lịch xem nhà mẫu.","Tìm nhà phố liền kề khu vực nội thành, ưu tiên gần trường học và bệnh viện. Ngân sách 8-10 tỷ. Đang cân nhắc giữa 2 dự án, cần tư vấn thêm về chính sách chiết khấu.",[+25] Ngân sách tầm trung 4-10 tỷ | [+15] Nhu cầu sản phẩm phổ biến | [+12] Đang tìm hiểu / Cần tư vấn thêm | [+8] Thiện chí tương tác / Cần chính sách vay
427,Đỗ Minh Lan,767056879,65,WARM,Bàn giao theo ca — Phản hồi trong 2 - 4 giờ,"Gửi thông tin dự án, tư vấn gói vay và đặt lịch xem nhà mẫu.","Tìm nhà phố liền kề khu vực nội thành, ưu tiên gần trường học và bệnh viện. Ngân sách 8-10 tỷ. Đang cân nhắc giữa 2 dự án, cần tư vấn thêm về chính sách chiết khấu.",[+25] Ngân sách tầm trung 4-10 tỷ | [+15] Nhu cầu sản phẩm phổ biến | [+12] Đang tìm hiểu / Cần tư vấn thêm | [+8] Thiện chí tương tác / Cần chính sách vay
428,Phan Đức Dũng,363482745,0,COLD,Hệ thống Nurturing / Drip Marketing (Không gọi ngay),Đưa vào Blacklist hoặc nuôi dưỡng bằng Zalo OA tự động.,"Tìm nhà thuê nguyên căn giá 2 triệu ở trung tâm thành phố. Yêu cầu phi thực tế, thái độ không hợp tác khi tư vấn.",[-40] Không thiện chí/Hỏi cho vui | [-50] Yêu cầu phi thực tế/Ảo tưởng giá
429,Ngô Phương Hùng,938996408,65,WARM,Bàn giao theo ca — Phản hồi trong 2 - 4 giờ,"Gửi thông tin dự án, tư vấn gói vay và đặt lịch xem nhà mẫu.","Tìm nhà phố liền kề khu vực nội thành, ưu tiên gần trường học và bệnh viện. Ngân sách 8-10 tỷ. Đang cân nhắc giữa 2 dự án, cần tư vấn thêm về chính sách chiết khấu.",[+25] Ngân sách tầm trung 4-10 tỷ | [+15] Nhu cầu sản phẩm phổ biến | [+12] Đang tìm hiểu / Cần tư vấn thêm | [+8] Thiện chí tương tác / Cần chính sách vay
430,Vũ Đức Cường,733040005,65,WARM,Bàn giao theo ca — Phản hồi trong 2 - 4 giờ,"Gửi thông tin dự án, tư vấn gói vay và đặt lịch xem nhà mẫu.","Tìm nhà phố liền kề khu vực nội thành, ưu tiên gần trường học và bệnh viện. Ngân sách 8-10 tỷ. Đang cân nhắc giữa 2 dự án, cần tư vấn thêm về chính sách chiết khấu.",[+25] Ngân sách tầm trung 4-10 tỷ | [+15] Nhu cầu sản phẩm phổ biến | [+12] Đang tìm hiểu / Cần tư vấn thêm | [+8] Thiện chí tương tác / Cần chính sách vay
431,Vũ Hồng Hùng,316590822,65,WARM,Bàn giao theo ca — Phản hồi trong 2 - 4 giờ,"Gửi thông tin dự án, tư vấn gói vay và đặt lịch xem nhà mẫu.","Đang tìm thuê mặt bằng kinh doanh spa tại Quận 1, diện tích khoảng 80-100m2. Giá thuê mong muốn dưới 50 triệu/tháng. Cần ký hợp đồng dài hạn.",[+15] Ngân sách phân khúc phổ thông | [+20] Vị trí trung tâm / Đại đô thị cao cấp | [+20] Thời gian quyết định nhanh / Cấp thiết
432,Phan Hoàng Lan,931236481,0,COLD,Hệ thống Nurturing / Drip Marketing (Không gọi ngay),Đưa vào Blacklist hoặc nuôi dưỡng bằng Zalo OA tự động.,"Khách hàng nhầm số, không có nhu cầu về bất động sản. Có vẻ là dữ liệu cũ từ ngành khác trộn vào.",[-50] Dữ liệu rác/Nhầm số
433,Lê Thị Dũng,971690651,65,WARM,Bàn giao theo ca — Phản hồi trong 2 - 4 giờ,"Gửi thông tin dự án, tư vấn gói vay và đặt lịch xem nhà mẫu.","Tìm nhà phố liền kề khu vực nội thành, ưu tiên gần trường học và bệnh viện. Ngân sách 8-10 tỷ. Đang cân nhắc giữa 2 dự án, cần tư vấn thêm về chính sách chiết khấu.",[+25] Ngân sách tầm trung 4-10 tỷ | [+15] Nhu cầu sản phẩm phổ biến | [+12] Đang tìm hiểu / Cần tư vấn thêm | [+8] Thiện chí tương tác / Cần chính sách vay
434,Phan Phương Hùng,355086867,55,WARM,Bàn giao theo ca — Phản hồi trong 2 - 4 giờ,"Gửi thông tin dự án, tư vấn gói vay và đặt lịch xem nhà mẫu.","Cần mua đất nền vùng ven (Long An, Đồng Nai) để đầu tư dài hạn. Tài chính 2-3 tỷ. Yêu cầu sổ hồng riêng, không dính quy hoạch.",[+15] Ngân sách phân khúc phổ thông | [+15] Nhu cầu sản phẩm phổ biến | [+10] Yêu cầu pháp lý minh bạch/Sổ riêng
435,Đặng Minh Tuấn,833988476,65,WARM,Bàn giao theo ca — Phản hồi trong 2 - 4 giờ,"Gửi thông tin dự án, tư vấn gói vay và đặt lịch xem nhà mẫu.","Tìm nhà phố liền kề khu vực nội thành, ưu tiên gần trường học và bệnh viện. Ngân sách 8-10 tỷ. Đang cân nhắc giữa 2 dự án, cần tư vấn thêm về chính sách chiết khấu.",[+25] Ngân sách tầm trung 4-10 tỷ | [+15] Nhu cầu sản phẩm phổ biến | [+12] Đang tìm hiểu / Cần tư vấn thêm | [+8] Thiện chí tương tác / Cần chính sách vay
436,Đỗ Anh Cường,338521582,0,COLD,Hệ thống Nurturing / Drip Marketing (Không gọi ngay),Đưa vào Blacklist hoặc nuôi dưỡng bằng Zalo OA tự động.,"Khách hàng nhầm số, không có nhu cầu về bất động sản. Có vẻ là dữ liệu cũ từ ngành khác trộn vào.",[-50] Dữ liệu rác/Nhầm số
437,Đặng Hoàng Cường,789488516,73,WARM,Bàn giao theo ca — Phản hồi trong 2 - 4 giờ,"Gửi thông tin dự án, tư vấn gói vay và đặt lịch xem nhà mẫu.","Quan tâm căn hộ 2PN tại Quận 7 cho gia đình trẻ. Tài chính khoảng 4-5 tỷ, cần hỗ trợ vay ngân hàng 70%. Muốn đi xem nhà mẫu vào cuối tuần này.",[+25] Ngân sách tầm trung 4-10 tỷ | [+15] Nhu cầu sản phẩm phổ biến | [+20] Thời gian quyết định nhanh / Cấp thiết | [+8] Thiện chí tương tác / Cần chính sách vay
438,Bùi Anh Cường,888131691,65,WARM,Bàn giao theo ca — Phản hồi trong 2 - 4 giờ,"Gửi thông tin dự án, tư vấn gói vay và đặt lịch xem nhà mẫu.","Đang tìm thuê mặt bằng kinh doanh spa tại Quận 1, diện tích khoảng 80-100m2. Giá thuê mong muốn dưới 50 triệu/tháng. Cần ký hợp đồng dài hạn.",[+15] Ngân sách phân khúc phổ thông | [+20] Vị trí trung tâm / Đại đô thị cao cấp | [+20] Thời gian quyết định nhanh / Cấp thiết
439,Lý Hoàng Tuấn,325335558,65,WARM,Bàn giao theo ca — Phản hồi trong 2 - 4 giờ,"Gửi thông tin dự án, tư vấn gói vay và đặt lịch xem nhà mẫu.","Tìm nhà phố liền kề khu vực nội thành, ưu tiên gần trường học và bệnh viện. Ngân sách 8-10 tỷ. Đang cân nhắc giữa 2 dự án, cần tư vấn thêm về chính sách chiết khấu.",[+25] Ngân sách tầm trung 4-10 tỷ | [+15] Nhu cầu sản phẩm phổ biến | [+12] Đang tìm hiểu / Cần tư vấn thêm | [+8] Thiện chí tương tác / Cần chính sách vay
440,Đặng Minh Dũng,357931715,65,WARM,Bàn giao theo ca — Phản hồi trong 2 - 4 giờ,"Gửi thông tin dự án, tư vấn gói vay và đặt lịch xem nhà mẫu.","Tìm nhà phố liền kề khu vực nội thành, ưu tiên gần trường học và bệnh viện. Ngân sách 8-10 tỷ. Đang cân nhắc giữa 2 dự án, cần tư vấn thêm về chính sách chiết khấu.",[+25] Ngân sách tầm trung 4-10 tỷ | [+15] Nhu cầu sản phẩm phổ biến | [+12] Đang tìm hiểu / Cần tư vấn thêm | [+8] Thiện chí tương tác / Cần chính sách vay
441,Đỗ Anh Cường,833554834,65,WARM,Bàn giao theo ca — Phản hồi trong 2 - 4 giờ,"Gửi thông tin dự án, tư vấn gói vay và đặt lịch xem nhà mẫu.","Tìm nhà phố liền kề khu vực nội thành, ưu tiên gần trường học và bệnh viện. Ngân sách 8-10 tỷ. Đang cân nhắc giữa 2 dự án, cần tư vấn thêm về chính sách chiết khấu.",[+25] Ngân sách tầm trung 4-10 tỷ | [+15] Nhu cầu sản phẩm phổ biến | [+12] Đang tìm hiểu / Cần tư vấn thêm | [+8] Thiện chí tương tác / Cần chính sách vay
442,Nguyễn Bảo Trang,889193400,80,HOT,Bàn giao ngay — Gọi lại trong vòng 5 - 15 phút,"Top Sales liên hệ trực tiếp, chuẩn bị hồ sơ dự án cao cấp.","Khách hàng VIP, quan tâm biệt thự đơn lập phân khu cao cấp nhất. Ngân sách trên 30 tỷ, thanh toán thẳng. Yêu cầu vị trí ven sông, hướng Đông Nam. Đã từng mua nhiều dự án của tập đoàn.",[+35] Ngân sách VIP >= 20 tỷ / Tài chính mạnh | [+25] Phân khúc siêu cao cấp / Diện tích lớn
443,Dương Đức Tuấn,883386816,55,WARM,Bàn giao theo ca — Phản hồi trong 2 - 4 giờ,"Gửi thông tin dự án, tư vấn gói vay và đặt lịch xem nhà mẫu.","Cần mua đất nền vùng ven (Long An, Đồng Nai) để đầu tư dài hạn. Tài chính 2-3 tỷ. Yêu cầu sổ hồng riêng, không dính quy hoạch.",[+15] Ngân sách phân khúc phổ thông | [+15] Nhu cầu sản phẩm phổ biến | [+10] Yêu cầu pháp lý minh bạch/Sổ riêng
444,Lý Thị Tâm,970759243,65,WARM,Bàn giao theo ca — Phản hồi trong 2 - 4 giờ,"Gửi thông tin dự án, tư vấn gói vay và đặt lịch xem nhà mẫu.","Tìm nhà phố liền kề khu vực nội thành, ưu tiên gần trường học và bệnh viện. Ngân sách 8-10 tỷ. Đang cân nhắc giữa 2 dự án, cần tư vấn thêm về chính sách chiết khấu.",[+25] Ngân sách tầm trung 4-10 tỷ | [+15] Nhu cầu sản phẩm phổ biến | [+12] Đang tìm hiểu / Cần tư vấn thêm | [+8] Thiện chí tương tác / Cần chính sách vay
445,Hồ Hồng Quân,371141585,65,WARM,Bàn giao theo ca — Phản hồi trong 2 - 4 giờ,"Gửi thông tin dự án, tư vấn gói vay và đặt lịch xem nhà mẫu.","Tìm nhà phố liền kề khu vực nội thành, ưu tiên gần trường học và bệnh viện. Ngân sách 8-10 tỷ. Đang cân nhắc giữa 2 dự án, cần tư vấn thêm về chính sách chiết khấu.",[+25] Ngân sách tầm trung 4-10 tỷ | [+15] Nhu cầu sản phẩm phổ biến | [+12] Đang tìm hiểu / Cần tư vấn thêm | [+8] Thiện chí tương tác / Cần chính sách vay
446,Bùi Ngọc Tuấn,980564133,55,WARM,Bàn giao theo ca — Phản hồi trong 2 - 4 giờ,"Gửi thông tin dự án, tư vấn gói vay và đặt lịch xem nhà mẫu.","Cần mua đất nền vùng ven (Long An, Đồng Nai) để đầu tư dài hạn. Tài chính 2-3 tỷ. Yêu cầu sổ hồng riêng, không dính quy hoạch.",[+15] Ngân sách phân khúc phổ thông | [+15] Nhu cầu sản phẩm phổ biến | [+10] Yêu cầu pháp lý minh bạch/Sổ riêng
447,Lý Phương Hùng,746007573,0,COLD,Hệ thống Nurturing / Drip Marketing (Không gọi ngay),Đưa vào Blacklist hoặc nuôi dưỡng bằng Zalo OA tự động.,"Hỏi giá cho vui, chưa có ý định mua trong năm nay. Ngân sách rất thấp so với mặt bằng chung (đòi mua nhà Q1 giá 1 tỷ).",[-40] Không thiện chí/Hỏi cho vui | [-50] Yêu cầu phi thực tế/Ảo tưởng giá
448,Ngô Phương Quân,980722108,0,COLD,Hệ thống Nurturing / Drip Marketing (Không gọi ngay),Đưa vào Blacklist hoặc nuôi dưỡng bằng Zalo OA tự động.,"Số điện thoại hay bị thuê bao, gọi nhiều lần không bắt máy. Nhắn tin Zalo không phản hồi.",[-40] Không liên lạc được/Thuê bao
449,Lý Văn Dũng,999639478,65,WARM,Bàn giao theo ca — Phản hồi trong 2 - 4 giờ,"Gửi thông tin dự án, tư vấn gói vay và đặt lịch xem nhà mẫu.","Tìm nhà phố liền kề khu vực nội thành, ưu tiên gần trường học và bệnh viện. Ngân sách 8-10 tỷ. Đang cân nhắc giữa 2 dự án, cần tư vấn thêm về chính sách chiết khấu.",[+25] Ngân sách tầm trung 4-10 tỷ | [+15] Nhu cầu sản phẩm phổ biến | [+12] Đang tìm hiểu / Cần tư vấn thêm | [+8] Thiện chí tương tác / Cần chính sách vay
450,Phạm Hồng Mai,878711588,65,WARM,Bàn giao theo ca — Phản hồi trong 2 - 4 giờ,"Gửi thông tin dự án, tư vấn gói vay và đặt lịch xem nhà mẫu.","Đang tìm thuê mặt bằng kinh doanh spa tại Quận 1, diện tích khoảng 80-100m2. Giá thuê mong muốn dưới 50 triệu/tháng. Cần ký hợp đồng dài hạn.",[+15] Ngân sách phân khúc phổ thông | [+20] Vị trí trung tâm / Đại đô thị cao cấp | [+20] Thời gian quyết định nhanh / Cấp thiết
451,Dương Phương Cường,387868578,73,WARM,Bàn giao theo ca — Phản hồi trong 2 - 4 giờ,"Gửi thông tin dự án, tư vấn gói vay và đặt lịch xem nhà mẫu.","Quan tâm căn hộ 2PN tại Quận 7 cho gia đình trẻ. Tài chính khoảng 4-5 tỷ, cần hỗ trợ vay ngân hàng 70%. Muốn đi xem nhà mẫu vào cuối tuần này.",[+25] Ngân sách tầm trung 4-10 tỷ | [+15] Nhu cầu sản phẩm phổ biến | [+20] Thời gian quyết định nhanh / Cấp thiết | [+8] Thiện chí tương tác / Cần chính sách vay
452,Lê Văn Tâm,794361563,0,COLD,Hệ thống Nurturing / Drip Marketing (Không gọi ngay),Đưa vào Blacklist hoặc nuôi dưỡng bằng Zalo OA tự động.,"Spam, gọi điện đến chỉ để quảng cáo ngược lại dịch vụ bảo hiểm.",[-80] Spam/Quảng cáo dịch vụ
453,Đặng Phương Lan,738271164,0,COLD,Hệ thống Nurturing / Drip Marketing (Không gọi ngay),Đưa vào Blacklist hoặc nuôi dưỡng bằng Zalo OA tự động.,"Spam, gọi điện đến chỉ để quảng cáo ngược lại dịch vụ bảo hiểm.",[-80] Spam/Quảng cáo dịch vụ
454,Dương Hồng Sơn,928516289,0,COLD,Hệ thống Nurturing / Drip Marketing (Không gọi ngay),Đưa vào Blacklist hoặc nuôi dưỡng bằng Zalo OA tự động.,"Khách hàng nhầm số, không có nhu cầu về bất động sản. Có vẻ là dữ liệu cũ từ ngành khác trộn vào.",[-50] Dữ liệu rác/Nhầm số
455,Dương Minh Trang,755011953,73,WARM,Bàn giao theo ca — Phản hồi trong 2 - 4 giờ,"Gửi thông tin dự án, tư vấn gói vay và đặt lịch xem nhà mẫu.","Quan tâm căn hộ 2PN tại Quận 7 cho gia đình trẻ. Tài chính khoảng 4-5 tỷ, cần hỗ trợ vay ngân hàng 70%. Muốn đi xem nhà mẫu vào cuối tuần này.",[+25] Ngân sách tầm trung 4-10 tỷ | [+15] Nhu cầu sản phẩm phổ biến | [+20] Thời gian quyết định nhanh / Cấp thiết | [+8] Thiện chí tương tác / Cần chính sách vay
456,Đỗ Phương Trang,871955988,55,WARM,Bàn giao theo ca — Phản hồi trong 2 - 4 giờ,"Gửi thông tin dự án, tư vấn gói vay và đặt lịch xem nhà mẫu.","Cần mua đất nền vùng ven (Long An, Đồng Nai) để đầu tư dài hạn. Tài chính 2-3 tỷ. Yêu cầu sổ hồng riêng, không dính quy hoạch.",[+15] Ngân sách phân khúc phổ thông | [+15] Nhu cầu sản phẩm phổ biến | [+10] Yêu cầu pháp lý minh bạch/Sổ riêng
457,Vũ Đức Hoa,325115854,65,WARM,Bàn giao theo ca — Phản hồi trong 2 - 4 giờ,"Gửi thông tin dự án, tư vấn gói vay và đặt lịch xem nhà mẫu.","Đang tìm thuê mặt bằng kinh doanh spa tại Quận 1, diện tích khoảng 80-100m2. Giá thuê mong muốn dưới 50 triệu/tháng. Cần ký hợp đồng dài hạn.",[+15] Ngân sách phân khúc phổ thông | [+20] Vị trí trung tâm / Đại đô thị cao cấp | [+20] Thời gian quyết định nhanh / Cấp thiết
458,Phạm Ngọc Anh,382502418,65,WARM,Bàn giao theo ca — Phản hồi trong 2 - 4 giờ,"Gửi thông tin dự án, tư vấn gói vay và đặt lịch xem nhà mẫu.","Tìm nhà phố liền kề khu vực nội thành, ưu tiên gần trường học và bệnh viện. Ngân sách 8-10 tỷ. Đang cân nhắc giữa 2 dự án, cần tư vấn thêm về chính sách chiết khấu.",[+25] Ngân sách tầm trung 4-10 tỷ | [+15] Nhu cầu sản phẩm phổ biến | [+12] Đang tìm hiểu / Cần tư vấn thêm | [+8] Thiện chí tương tác / Cần chính sách vay
459,Phan Phương Linh,760996756,73,WARM,Bàn giao theo ca — Phản hồi trong 2 - 4 giờ,"Gửi thông tin dự án, tư vấn gói vay và đặt lịch xem nhà mẫu.","Quan tâm căn hộ 2PN tại Quận 7 cho gia đình trẻ. Tài chính khoảng 4-5 tỷ, cần hỗ trợ vay ngân hàng 70%. Muốn đi xem nhà mẫu vào cuối tuần này.",[+25] Ngân sách tầm trung 4-10 tỷ | [+15] Nhu cầu sản phẩm phổ biến | [+20] Thời gian quyết định nhanh / Cấp thiết | [+8] Thiện chí tương tác / Cần chính sách vay
460,Phan Phương Linh,860442127,73,WARM,Bàn giao theo ca — Phản hồi trong 2 - 4 giờ,"Gửi thông tin dự án, tư vấn gói vay và đặt lịch xem nhà mẫu.","Quan tâm căn hộ 2PN tại Quận 7 cho gia đình trẻ. Tài chính khoảng 4-5 tỷ, cần hỗ trợ vay ngân hàng 70%. Muốn đi xem nhà mẫu vào cuối tuần này.",[+25] Ngân sách tầm trung 4-10 tỷ | [+15] Nhu cầu sản phẩm phổ biến | [+20] Thời gian quyết định nhanh / Cấp thiết | [+8] Thiện chí tương tác / Cần chính sách vay
461,Đặng Ngọc Cường,365671701,90,HOT,Bàn giao ngay — Gọi lại trong vòng 5 - 15 phút,"Top Sales liên hệ trực tiếp, chuẩn bị hồ sơ dự án cao cấp.","Chủ doanh nghiệp lớn, cần tìm quỹ đất công nghiệp hoặc sàn văn phòng diện tích trên 2000m2 tại khu Đông. Tài chính cực mạnh, yêu cầu pháp lý chuẩn 100%.",[+35] Ngân sách VIP >= 20 tỷ / Tài chính mạnh | [+25] Phân khúc siêu cao cấp / Diện tích lớn | [+15] Chân dung VIP (Chủ DN / Mua sỉ)
462,Ngô Văn Linh,393805101,55,WARM,Bàn giao theo ca — Phản hồi trong 2 - 4 giờ,"Gửi thông tin dự án, tư vấn gói vay và đặt lịch xem nhà mẫu.","Cần mua đất nền vùng ven (Long An, Đồng Nai) để đầu tư dài hạn. Tài chính 2-3 tỷ. Yêu cầu sổ hồng riêng, không dính quy hoạch.",[+15] Ngân sách phân khúc phổ thông | [+15] Nhu cầu sản phẩm phổ biến | [+10] Yêu cầu pháp lý minh bạch/Sổ riêng
463,Đỗ Minh Dũng,849017052,73,WARM,Bàn giao theo ca — Phản hồi trong 2 - 4 giờ,"Gửi thông tin dự án, tư vấn gói vay và đặt lịch xem nhà mẫu.","Quan tâm căn hộ 2PN tại Quận 7 cho gia đình trẻ. Tài chính khoảng 4-5 tỷ, cần hỗ trợ vay ngân hàng 70%. Muốn đi xem nhà mẫu vào cuối tuần này.",[+25] Ngân sách tầm trung 4-10 tỷ | [+15] Nhu cầu sản phẩm phổ biến | [+20] Thời gian quyết định nhanh / Cấp thiết | [+8] Thiện chí tương tác / Cần chính sách vay
464,Bùi Phương Tuấn,930846419,55,WARM,Bàn giao theo ca — Phản hồi trong 2 - 4 giờ,"Gửi thông tin dự án, tư vấn gói vay và đặt lịch xem nhà mẫu.","Cần mua đất nền vùng ven (Long An, Đồng Nai) để đầu tư dài hạn. Tài chính 2-3 tỷ. Yêu cầu sổ hồng riêng, không dính quy hoạch.",[+15] Ngân sách phân khúc phổ thông | [+15] Nhu cầu sản phẩm phổ biến | [+10] Yêu cầu pháp lý minh bạch/Sổ riêng
465,Nguyễn Hoàng Mai,762499897,55,WARM,Bàn giao theo ca — Phản hồi trong 2 - 4 giờ,"Gửi thông tin dự án, tư vấn gói vay và đặt lịch xem nhà mẫu.","Cần mua đất nền vùng ven (Long An, Đồng Nai) để đầu tư dài hạn. Tài chính 2-3 tỷ. Yêu cầu sổ hồng riêng, không dính quy hoạch.",[+15] Ngân sách phân khúc phổ thông | [+15] Nhu cầu sản phẩm phổ biến | [+10] Yêu cầu pháp lý minh bạch/Sổ riêng
466,Đặng Anh Linh,986275695,0,COLD,Hệ thống Nurturing / Drip Marketing (Không gọi ngay),Đưa vào Blacklist hoặc nuôi dưỡng bằng Zalo OA tự động.,"Spam, gọi điện đến chỉ để quảng cáo ngược lại dịch vụ bảo hiểm.",[-80] Spam/Quảng cáo dịch vụ
467,Phạm Ngọc Hùng,723953299,65,WARM,Bàn giao theo ca — Phản hồi trong 2 - 4 giờ,"Gửi thông tin dự án, tư vấn gói vay và đặt lịch xem nhà mẫu.","Tìm nhà phố liền kề khu vực nội thành, ưu tiên gần trường học và bệnh viện. Ngân sách 8-10 tỷ. Đang cân nhắc giữa 2 dự án, cần tư vấn thêm về chính sách chiết khấu.",[+25] Ngân sách tầm trung 4-10 tỷ | [+15] Nhu cầu sản phẩm phổ biến | [+12] Đang tìm hiểu / Cần tư vấn thêm | [+8] Thiện chí tương tác / Cần chính sách vay
468,Lê Minh Dũng,732888978,65,WARM,Bàn giao theo ca — Phản hồi trong 2 - 4 giờ,"Gửi thông tin dự án, tư vấn gói vay và đặt lịch xem nhà mẫu.","Đang tìm thuê mặt bằng kinh doanh spa tại Quận 1, diện tích khoảng 80-100m2. Giá thuê mong muốn dưới 50 triệu/tháng. Cần ký hợp đồng dài hạn.",[+15] Ngân sách phân khúc phổ thông | [+20] Vị trí trung tâm / Đại đô thị cao cấp | [+20] Thời gian quyết định nhanh / Cấp thiết
469,Lý Hồng Hùng,324700770,65,WARM,Bàn giao theo ca — Phản hồi trong 2 - 4 giờ,"Gửi thông tin dự án, tư vấn gói vay và đặt lịch xem nhà mẫu.","Đang tìm thuê mặt bằng kinh doanh spa tại Quận 1, diện tích khoảng 80-100m2. Giá thuê mong muốn dưới 50 triệu/tháng. Cần ký hợp đồng dài hạn.",[+15] Ngân sách phân khúc phổ thông | [+20] Vị trí trung tâm / Đại đô thị cao cấp | [+20] Thời gian quyết định nhanh / Cấp thiết
470,Phạm Ngọc Tuấn,996757375,0,COLD,Hệ thống Nurturing / Drip Marketing (Không gọi ngay),Đưa vào Blacklist hoặc nuôi dưỡng bằng Zalo OA tự động.,"Hỏi giá cho vui, chưa có ý định mua trong năm nay. Ngân sách rất thấp so với mặt bằng chung (đòi mua nhà Q1 giá 1 tỷ).",[-40] Không thiện chí/Hỏi cho vui | [-50] Yêu cầu phi thực tế/Ảo tưởng giá
471,Phạm Văn Anh,740777626,55,WARM,Bàn giao theo ca — Phản hồi trong 2 - 4 giờ,"Gửi thông tin dự án, tư vấn gói vay và đặt lịch xem nhà mẫu.","Cần mua đất nền vùng ven (Long An, Đồng Nai) để đầu tư dài hạn. Tài chính 2-3 tỷ. Yêu cầu sổ hồng riêng, không dính quy hoạch.",[+15] Ngân sách phân khúc phổ thông | [+15] Nhu cầu sản phẩm phổ biến | [+10] Yêu cầu pháp lý minh bạch/Sổ riêng
472,Phan Đức Dũng,940495402,73,WARM,Bàn giao theo ca — Phản hồi trong 2 - 4 giờ,"Gửi thông tin dự án, tư vấn gói vay và đặt lịch xem nhà mẫu.","Quan tâm căn hộ 2PN tại Quận 7 cho gia đình trẻ. Tài chính khoảng 4-5 tỷ, cần hỗ trợ vay ngân hàng 70%. Muốn đi xem nhà mẫu vào cuối tuần này.",[+25] Ngân sách tầm trung 4-10 tỷ | [+15] Nhu cầu sản phẩm phổ biến | [+20] Thời gian quyết định nhanh / Cấp thiết | [+8] Thiện chí tương tác / Cần chính sách vay
473,Hồ Bảo Lan,314706568,0,COLD,Hệ thống Nurturing / Drip Marketing (Không gọi ngay),Đưa vào Blacklist hoặc nuôi dưỡng bằng Zalo OA tự động.,"Số điện thoại hay bị thuê bao, gọi nhiều lần không bắt máy. Nhắn tin Zalo không phản hồi.",[-40] Không liên lạc được/Thuê bao
474,Bùi Minh Cường,954482809,73,WARM,Bàn giao theo ca — Phản hồi trong 2 - 4 giờ,"Gửi thông tin dự án, tư vấn gói vay và đặt lịch xem nhà mẫu.","Quan tâm căn hộ 2PN tại Quận 7 cho gia đình trẻ. Tài chính khoảng 4-5 tỷ, cần hỗ trợ vay ngân hàng 70%. Muốn đi xem nhà mẫu vào cuối tuần này.",[+25] Ngân sách tầm trung 4-10 tỷ | [+15] Nhu cầu sản phẩm phổ biến | [+20] Thời gian quyết định nhanh / Cấp thiết | [+8] Thiện chí tương tác / Cần chính sách vay
475,Nguyễn Văn Tâm,869579337,0,COLD,Hệ thống Nurturing / Drip Marketing (Không gọi ngay),Đưa vào Blacklist hoặc nuôi dưỡng bằng Zalo OA tự động.,"Khách hàng nhầm số, không có nhu cầu về bất động sản. Có vẻ là dữ liệu cũ từ ngành khác trộn vào.",[-50] Dữ liệu rác/Nhầm số
476,Đặng Ngọc Nam,931093475,65,WARM,Bàn giao theo ca — Phản hồi trong 2 - 4 giờ,"Gửi thông tin dự án, tư vấn gói vay và đặt lịch xem nhà mẫu.","Tìm nhà phố liền kề khu vực nội thành, ưu tiên gần trường học và bệnh viện. Ngân sách 8-10 tỷ. Đang cân nhắc giữa 2 dự án, cần tư vấn thêm về chính sách chiết khấu.",[+25] Ngân sách tầm trung 4-10 tỷ | [+15] Nhu cầu sản phẩm phổ biến | [+12] Đang tìm hiểu / Cần tư vấn thêm | [+8] Thiện chí tương tác / Cần chính sách vay
477,Hồ Ngọc Hùng,724938942,65,WARM,Bàn giao theo ca — Phản hồi trong 2 - 4 giờ,"Gửi thông tin dự án, tư vấn gói vay và đặt lịch xem nhà mẫu.","Tìm nhà phố liền kề khu vực nội thành, ưu tiên gần trường học và bệnh viện. Ngân sách 8-10 tỷ. Đang cân nhắc giữa 2 dự án, cần tư vấn thêm về chính sách chiết khấu.",[+25] Ngân sách tầm trung 4-10 tỷ | [+15] Nhu cầu sản phẩm phổ biến | [+12] Đang tìm hiểu / Cần tư vấn thêm | [+8] Thiện chí tương tác / Cần chính sách vay
478,Ngô Đức Hoa,718968486,65,WARM,Bàn giao theo ca — Phản hồi trong 2 - 4 giờ,"Gửi thông tin dự án, tư vấn gói vay và đặt lịch xem nhà mẫu.","Tìm nhà phố liền kề khu vực nội thành, ưu tiên gần trường học và bệnh viện. Ngân sách 8-10 tỷ. Đang cân nhắc giữa 2 dự án, cần tư vấn thêm về chính sách chiết khấu.",[+25] Ngân sách tầm trung 4-10 tỷ | [+15] Nhu cầu sản phẩm phổ biến | [+12] Đang tìm hiểu / Cần tư vấn thêm | [+8] Thiện chí tương tác / Cần chính sách vay
479,Đặng Hồng Sơn,340292564,0,COLD,Hệ thống Nurturing / Drip Marketing (Không gọi ngay),Đưa vào Blacklist hoặc nuôi dưỡng bằng Zalo OA tự động.,"Số điện thoại hay bị thuê bao, gọi nhiều lần không bắt máy. Nhắn tin Zalo không phản hồi.",[-40] Không liên lạc được/Thuê bao
480,Đặng Phương Tâm,378575956,73,WARM,Bàn giao theo ca — Phản hồi trong 2 - 4 giờ,"Gửi thông tin dự án, tư vấn gói vay và đặt lịch xem nhà mẫu.","Quan tâm căn hộ 2PN tại Quận 7 cho gia đình trẻ. Tài chính khoảng 4-5 tỷ, cần hỗ trợ vay ngân hàng 70%. Muốn đi xem nhà mẫu vào cuối tuần này.",[+25] Ngân sách tầm trung 4-10 tỷ | [+15] Nhu cầu sản phẩm phổ biến | [+20] Thời gian quyết định nhanh / Cấp thiết | [+8] Thiện chí tương tác / Cần chính sách vay
481,Đỗ Bảo Hoa,768236575,0,COLD,Hệ thống Nurturing / Drip Marketing (Không gọi ngay),Đưa vào Blacklist hoặc nuôi dưỡng bằng Zalo OA tự động.,"Khách hàng nhầm số, không có nhu cầu về bất động sản. Có vẻ là dữ liệu cũ từ ngành khác trộn vào.",[-50] Dữ liệu rác/Nhầm số
482,Vũ Hoàng Linh,320340407,55,WARM,Bàn giao theo ca — Phản hồi trong 2 - 4 giờ,"Gửi thông tin dự án, tư vấn gói vay và đặt lịch xem nhà mẫu.","Cần mua đất nền vùng ven (Long An, Đồng Nai) để đầu tư dài hạn. Tài chính 2-3 tỷ. Yêu cầu sổ hồng riêng, không dính quy hoạch.",[+15] Ngân sách phân khúc phổ thông | [+15] Nhu cầu sản phẩm phổ biến | [+10] Yêu cầu pháp lý minh bạch/Sổ riêng
483,Vũ Hoàng Nam,898008940,0,COLD,Hệ thống Nurturing / Drip Marketing (Không gọi ngay),Đưa vào Blacklist hoặc nuôi dưỡng bằng Zalo OA tự động.,"Khách hàng nhầm số, không có nhu cầu về bất động sản. Có vẻ là dữ liệu cũ từ ngành khác trộn vào.",[-50] Dữ liệu rác/Nhầm số
484,Đỗ Minh Mai,331324043,65,WARM,Bàn giao theo ca — Phản hồi trong 2 - 4 giờ,"Gửi thông tin dự án, tư vấn gói vay và đặt lịch xem nhà mẫu.","Đang tìm thuê mặt bằng kinh doanh spa tại Quận 1, diện tích khoảng 80-100m2. Giá thuê mong muốn dưới 50 triệu/tháng. Cần ký hợp đồng dài hạn.",[+15] Ngân sách phân khúc phổ thông | [+20] Vị trí trung tâm / Đại đô thị cao cấp | [+20] Thời gian quyết định nhanh / Cấp thiết
485,Ngô Anh Nam,854926152,0,COLD,Hệ thống Nurturing / Drip Marketing (Không gọi ngay),Đưa vào Blacklist hoặc nuôi dưỡng bằng Zalo OA tự động.,"Tìm nhà thuê nguyên căn giá 2 triệu ở trung tâm thành phố. Yêu cầu phi thực tế, thái độ không hợp tác khi tư vấn.",[-40] Không thiện chí/Hỏi cho vui | [-50] Yêu cầu phi thực tế/Ảo tưởng giá
486,Phan Đức Hùng,943449497,55,WARM,Bàn giao theo ca — Phản hồi trong 2 - 4 giờ,"Gửi thông tin dự án, tư vấn gói vay và đặt lịch xem nhà mẫu.","Cần mua đất nền vùng ven (Long An, Đồng Nai) để đầu tư dài hạn. Tài chính 2-3 tỷ. Yêu cầu sổ hồng riêng, không dính quy hoạch.",[+15] Ngân sách phân khúc phổ thông | [+15] Nhu cầu sản phẩm phổ biến | [+10] Yêu cầu pháp lý minh bạch/Sổ riêng
487,Lê Minh Sơn,732084167,0,COLD,Hệ thống Nurturing / Drip Marketing (Không gọi ngay),Đưa vào Blacklist hoặc nuôi dưỡng bằng Zalo OA tự động.,"Số điện thoại hay bị thuê bao, gọi nhiều lần không bắt máy. Nhắn tin Zalo không phản hồi.",[-40] Không liên lạc được/Thuê bao
488,Ngô Thị Hùng,926952924,0,COLD,Hệ thống Nurturing / Drip Marketing (Không gọi ngay),Đưa vào Blacklist hoặc nuôi dưỡng bằng Zalo OA tự động.,"Hỏi giá cho vui, chưa có ý định mua trong năm nay. Ngân sách rất thấp so với mặt bằng chung (đòi mua nhà Q1 giá 1 tỷ).",[-40] Không thiện chí/Hỏi cho vui | [-50] Yêu cầu phi thực tế/Ảo tưởng giá
489,Lê Ngọc Hùng,763616480,0,COLD,Hệ thống Nurturing / Drip Marketing (Không gọi ngay),Đưa vào Blacklist hoặc nuôi dưỡng bằng Zalo OA tự động.,"Tìm nhà thuê nguyên căn giá 2 triệu ở trung tâm thành phố. Yêu cầu phi thực tế, thái độ không hợp tác khi tư vấn.",[-40] Không thiện chí/Hỏi cho vui | [-50] Yêu cầu phi thực tế/Ảo tưởng giá
490,Hồ Đức Linh,998261552,55,WARM,Bàn giao theo ca — Phản hồi trong 2 - 4 giờ,"Gửi thông tin dự án, tư vấn gói vay và đặt lịch xem nhà mẫu.","Cần mua đất nền vùng ven (Long An, Đồng Nai) để đầu tư dài hạn. Tài chính 2-3 tỷ. Yêu cầu sổ hồng riêng, không dính quy hoạch.",[+15] Ngân sách phân khúc phổ thông | [+15] Nhu cầu sản phẩm phổ biến | [+10] Yêu cầu pháp lý minh bạch/Sổ riêng
491,Nguyễn Anh Mai,878513571,0,COLD,Hệ thống Nurturing / Drip Marketing (Không gọi ngay),Đưa vào Blacklist hoặc nuôi dưỡng bằng Zalo OA tự động.,"Khách hàng nhầm số, không có nhu cầu về bất động sản. Có vẻ là dữ liệu cũ từ ngành khác trộn vào.",[-50] Dữ liệu rác/Nhầm số
492,Đặng Bảo Mai,394368963,55,WARM,Bàn giao theo ca — Phản hồi trong 2 - 4 giờ,"Gửi thông tin dự án, tư vấn gói vay và đặt lịch xem nhà mẫu.","Cần mua đất nền vùng ven (Long An, Đồng Nai) để đầu tư dài hạn. Tài chính 2-3 tỷ. Yêu cầu sổ hồng riêng, không dính quy hoạch.",[+15] Ngân sách phân khúc phổ thông | [+15] Nhu cầu sản phẩm phổ biến | [+10] Yêu cầu pháp lý minh bạch/Sổ riêng
493,Ngô Hồng Hùng,918065088,55,WARM,Bàn giao theo ca — Phản hồi trong 2 - 4 giờ,"Gửi thông tin dự án, tư vấn gói vay và đặt lịch xem nhà mẫu.","Cần mua đất nền vùng ven (Long An, Đồng Nai) để đầu tư dài hạn. Tài chính 2-3 tỷ. Yêu cầu sổ hồng riêng, không dính quy hoạch.",[+15] Ngân sách phân khúc phổ thông | [+15] Nhu cầu sản phẩm phổ biến | [+10] Yêu cầu pháp lý minh bạch/Sổ riêng
494,Nguyễn Minh Dũng,318987849,73,WARM,Bàn giao theo ca — Phản hồi trong 2 - 4 giờ,"Gửi thông tin dự án, tư vấn gói vay và đặt lịch xem nhà mẫu.","Quan tâm căn hộ 2PN tại Quận 7 cho gia đình trẻ. Tài chính khoảng 4-5 tỷ, cần hỗ trợ vay ngân hàng 70%. Muốn đi xem nhà mẫu vào cuối tuần này.",[+25] Ngân sách tầm trung 4-10 tỷ | [+15] Nhu cầu sản phẩm phổ biến | [+20] Thời gian quyết định nhanh / Cấp thiết | [+8] Thiện chí tương tác / Cần chính sách vay
495,Lý Ngọc Tuấn,374423783,65,WARM,Bàn giao theo ca — Phản hồi trong 2 - 4 giờ,"Gửi thông tin dự án, tư vấn gói vay và đặt lịch xem nhà mẫu.","Tìm nhà phố liền kề khu vực nội thành, ưu tiên gần trường học và bệnh viện. Ngân sách 8-10 tỷ. Đang cân nhắc giữa 2 dự án, cần tư vấn thêm về chính sách chiết khấu.",[+25] Ngân sách tầm trung 4-10 tỷ | [+15] Nhu cầu sản phẩm phổ biến | [+12] Đang tìm hiểu / Cần tư vấn thêm | [+8] Thiện chí tương tác / Cần chính sách vay
496,Vũ Hoàng Mai,865000120,0,COLD,Hệ thống Nurturing / Drip Marketing (Không gọi ngay),Đưa vào Blacklist hoặc nuôi dưỡng bằng Zalo OA tự động.,"Số điện thoại hay bị thuê bao, gọi nhiều lần không bắt máy. Nhắn tin Zalo không phản hồi.",[-40] Không liên lạc được/Thuê bao
497,Lý Bảo Linh,993992948,0,COLD,Hệ thống Nurturing / Drip Marketing (Không gọi ngay),Đưa vào Blacklist hoặc nuôi dưỡng bằng Zalo OA tự động.,"Hỏi giá cho vui, chưa có ý định mua trong năm nay. Ngân sách rất thấp so với mặt bằng chung (đòi mua nhà Q1 giá 1 tỷ).",[-40] Không thiện chí/Hỏi cho vui | [-50] Yêu cầu phi thực tế/Ảo tưởng giá
498,Đặng Hoàng Tâm,766295016,0,COLD,Hệ thống Nurturing / Drip Marketing (Không gọi ngay),Đưa vào Blacklist hoặc nuôi dưỡng bằng Zalo OA tự động.,"Spam, gọi điện đến chỉ để quảng cáo ngược lại dịch vụ bảo hiểm.",[-80] Spam/Quảng cáo dịch vụ
499,Lê Thị Anh,855054674,0,COLD,Hệ thống Nurturing / Drip Marketing (Không gọi ngay),Đưa vào Blacklist hoặc nuôi dưỡng bằng Zalo OA tự động.,"Tìm nhà thuê nguyên căn giá 2 triệu ở trung tâm thành phố. Yêu cầu phi thực tế, thái độ không hợp tác khi tư vấn.",[-40] Không thiện chí/Hỏi cho vui | [-50] Yêu cầu phi thực tế/Ảo tưởng giá
500,Trần Anh Linh,895668746,0,COLD,Hệ thống Nurturing / Drip Marketing (Không gọi ngay),Đưa vào Blacklist hoặc nuôi dưỡng bằng Zalo OA tự động.,"Hỏi giá cho vui, chưa có ý định mua trong năm nay. Ngân sách rất thấp so với mặt bằng chung (đòi mua nhà Q1 giá 1 tỷ).",[-40] Không thiện chí/Hỏi cho vui | [-50] Yêu cầu phi thực tế/Ảo tưởng giá
